customer_id,recency,frequency,monetary,r_score,f_score,m_score,customer_segment
CUST1059,22,6,1957780.75,4,4,5,Champions
CUST2280,102,6,1770278.25,2,4,5,"At Risk"
CUST1246,9,8,1683506.75,5,5,5,Champions
CUST2962,8,9,1619774.55,5,5,5,Champions
CUST2671,33,11,1551371.05,4,5,5,Champions
CUST2077,31,7,1534614.80,4,5,5,Champions
CUST2448,57,8,1533354.05,3,5,5,Loyal
CUST1314,88,8,1528511.60,2,5,5,"At Risk"
CUST2947,51,6,1517867.95,3,4,5,Loyal
CUST2287,99,7,1475112.55,2,4,5,"At Risk"
CUST1264,71,9,1457362.55,3,5,5,Loyal
CUST1685,4,6,1446318.90,5,4,5,Champions
CUST1216,2,9,1387828.70,5,5,5,Champions
CUST2301,47,8,1346166.20,4,5,5,Champions
CUST1976,80,8,1334100.65,3,5,5,Loyal
CUST1875,185,7,1330099.80,1,4,5,"At Risk"
CUST2700,18,9,1320991.80,5,5,5,Champions
CUST1848,1,8,1302528.60,5,5,5,Champions
CUST1437,37,7,1296685.25,4,5,5,Champions
CUST1022,31,5,1285470.95,4,3,5,Loyal
CUST2984,54,10,1267688.60,3,5,5,Loyal
CUST2512,13,8,1247805.30,5,5,5,Champions
CUST1103,65,5,1244733.35,3,3,5,Loyal
CUST2969,17,7,1227956.85,5,5,5,Champions
CUST2817,71,8,1215716.55,3,5,5,Loyal
CUST2267,11,10,1213566.65,5,5,5,Champions
CUST1134,44,8,1211475.70,4,5,5,Champions
CUST2885,1,7,1207228.70,5,5,5,Champions
CUST2787,142,9,1205432.30,2,5,5,"At Risk"
CUST2167,36,8,1200070.20,4,5,5,Champions
CUST1443,45,10,1198531.10,4,5,5,Champions
CUST2327,2,7,1189932.50,5,5,5,Champions
CUST1871,69,6,1179963.75,3,4,5,Loyal
CUST2097,31,8,1150705.90,4,5,5,Champions
CUST1462,25,13,1147486.15,4,5,5,Champions
CUST1083,33,10,1119642.70,4,5,5,Champions
CUST2486,14,7,1117187.65,5,5,5,Champions
CUST1862,40,11,1115936.35,4,5,5,Champions
CUST2468,208,4,1114415.20,1,2,5,Regular
CUST1132,10,9,1114140.95,5,5,5,Champions
CUST2981,46,6,1111306.30,4,4,5,Champions
CUST2778,111,6,1109813.85,2,4,5,"At Risk"
CUST1694,25,10,1104497.85,4,5,5,Champions
CUST1298,100,6,1097443.15,2,4,5,"At Risk"
CUST2446,193,8,1089933.60,1,5,5,"At Risk"
CUST1590,57,5,1087732.15,3,3,5,Loyal
CUST1946,5,8,1084243.40,5,5,5,Champions
CUST2640,35,7,1082401.95,4,5,5,Champions
CUST1756,15,8,1077026.80,5,5,5,Champions
CUST1241,179,3,1076579.35,1,1,5,Regular
CUST1212,77,8,1076100.35,3,5,5,Loyal
CUST1950,2,9,1073412.40,5,5,5,Champions
CUST1591,282,4,1071484.00,1,2,5,Regular
CUST2019,172,6,1068491.50,1,4,5,"At Risk"
CUST1190,72,7,1068412.40,3,4,5,Loyal
CUST1406,1,8,1065051.20,5,5,5,Champions
CUST2117,15,7,1060715.60,5,5,5,Champions
CUST1189,54,9,1049894.40,3,5,5,Loyal
CUST2895,187,8,1049822.45,1,5,5,"At Risk"
CUST1201,205,6,1046344.60,1,4,5,"At Risk"
CUST1186,241,3,1044724.15,1,1,5,Regular
CUST1910,88,11,1044716.35,2,5,5,"At Risk"
CUST2957,141,9,1044376.35,2,5,5,"At Risk"
CUST2724,50,6,1040118.25,4,4,5,Champions
CUST2056,4,7,1037707.45,5,5,5,Champions
CUST2892,72,10,1035938.80,3,5,5,Loyal
CUST1471,99,9,1032639.45,2,5,5,"At Risk"
CUST2029,92,9,1023732.55,2,5,5,"At Risk"
CUST2566,130,8,1019629.00,2,5,5,"At Risk"
CUST2943,53,8,1015465.90,3,5,5,Loyal
CUST1183,269,5,1015239.15,1,3,5,"At Risk"
CUST2505,61,7,1010532.25,3,4,5,Loyal
CUST1317,88,7,1009270.85,2,4,5,"At Risk"
CUST1200,20,3,1006482.35,4,2,5,"New / Promising"
CUST1649,171,7,1006461.55,1,4,5,"At Risk"
CUST2104,83,4,998634.15,3,2,5,Regular
CUST1714,208,6,990263.70,1,4,5,"At Risk"
CUST2950,32,9,976909.60,4,5,5,Champions
CUST2851,17,11,966193.65,5,5,5,Champions
CUST2500,135,10,965596.95,2,5,5,"At Risk"
CUST2616,52,5,960517.15,3,3,5,Loyal
CUST2536,26,6,959820.45,4,4,5,Champions
CUST2845,98,8,959635.45,2,5,5,"At Risk"
CUST1955,20,9,957747.95,4,5,5,Champions
CUST2002,112,5,952860.05,2,3,5,"At Risk"
CUST2166,49,10,949813.30,4,5,5,Champions
CUST1735,38,7,947899.05,4,5,5,Champions
CUST2846,103,9,944539.20,2,5,5,"At Risk"
CUST2075,186,4,941182.45,1,2,5,Regular
CUST2510,185,4,934453.75,1,2,5,Regular
CUST2284,122,6,932657.45,2,4,5,"At Risk"
CUST2683,206,6,914661.40,1,4,5,"At Risk"
CUST1721,16,9,914525.15,5,5,5,Champions
CUST2011,5,6,913287.30,5,4,5,Champions
CUST1715,87,6,913139.60,2,4,5,"At Risk"
CUST1031,72,5,911047.60,3,3,5,Loyal
CUST2507,5,8,909715.15,5,5,5,Champions
CUST2686,72,10,906661.45,3,5,5,Loyal
CUST1888,8,6,904658.10,5,4,5,Champions
CUST1052,70,9,904568.50,3,5,5,Loyal
CUST1975,51,6,903502.90,3,4,5,Loyal
CUST1105,69,5,900670.30,3,3,5,Loyal
CUST1726,222,4,898413.85,1,2,5,Regular
CUST1180,13,4,894644.70,5,3,5,Loyal
CUST1761,55,5,893093.25,3,3,5,Loyal
CUST2746,9,8,892597.65,5,5,5,Champions
CUST2200,71,8,887142.90,3,5,5,Loyal
CUST2051,11,11,885045.65,5,5,5,Champions
CUST2768,207,4,883206.20,1,2,5,Regular
CUST1550,87,5,882343.90,2,3,5,"At Risk"
CUST1343,40,7,880636.90,4,5,5,Champions
CUST2774,93,7,878861.60,2,4,5,"At Risk"
CUST2305,134,9,877191.20,2,5,5,"At Risk"
CUST1561,70,6,873314.65,3,4,5,Loyal
CUST2435,115,4,873087.20,2,2,5,Regular
CUST2272,21,9,872842.10,4,5,5,Champions
CUST3000,126,8,872457.65,2,5,5,"At Risk"
CUST2367,40,7,867445.60,4,5,5,Champions
CUST1572,8,7,865704.15,5,5,5,Champions
CUST2178,37,10,865569.75,4,5,5,Champions
CUST2927,40,8,864636.55,4,5,5,Champions
CUST1711,10,6,854288.95,5,4,5,Champions
CUST1598,11,9,853969.60,5,5,5,Champions
CUST2802,109,6,852677.10,2,4,5,"At Risk"
CUST2575,43,6,844160.80,4,4,5,Champions
CUST1819,49,7,841519.60,4,4,5,Champions
CUST1897,72,7,840848.80,3,4,5,Loyal
CUST1086,11,3,840438.10,5,2,5,"New / Promising"
CUST1902,55,6,840035.60,3,4,5,Loyal
CUST1755,105,6,838630.25,2,4,5,"At Risk"
CUST1431,8,8,836488.25,5,5,5,Champions
CUST2091,115,5,834694.25,2,3,5,"At Risk"
CUST1206,48,5,833959.05,4,3,5,Loyal
CUST1138,36,6,833746.90,4,4,5,Champions
CUST1372,2,6,833009.10,5,4,5,Champions
CUST1810,35,7,832636.45,4,5,5,Champions
CUST1986,117,5,829878.50,2,3,5,"At Risk"
CUST1688,14,7,828603.70,5,5,5,Champions
CUST2673,71,6,826074.95,3,4,5,Loyal
CUST1043,0,6,824035.15,5,4,5,Champions
CUST1872,167,6,822838.35,1,4,5,"At Risk"
CUST2909,106,8,821020.05,2,5,5,"At Risk"
CUST1855,44,13,820263.90,4,5,5,Champions
CUST2521,38,5,820083.35,4,3,5,Loyal
CUST2042,18,7,817191.90,5,5,5,Champions
CUST1725,17,5,817182.60,5,3,5,Loyal
CUST2292,161,5,810345.25,2,3,5,"At Risk"
CUST1430,31,8,807113.40,4,5,5,Champions
CUST1647,99,4,807005.25,2,2,5,Regular
CUST1238,34,9,806114.05,4,5,5,Champions
CUST1537,34,6,803022.85,4,4,5,Champions
CUST2775,2,12,802993.25,5,5,5,Champions
CUST1730,175,5,799699.95,1,3,5,"At Risk"
CUST2449,94,8,799102.15,2,5,5,"At Risk"
CUST2098,8,3,798967.25,5,2,5,"New / Promising"
CUST2979,9,10,798142.85,5,5,5,Champions
CUST1895,116,8,796847.55,2,5,5,"At Risk"
CUST1687,11,7,794934.30,5,5,5,Champions
CUST1012,80,6,791834.25,3,4,5,Loyal
CUST1176,54,10,791765.95,3,5,5,Loyal
CUST2869,94,2,789817.05,2,1,5,Regular
CUST2978,502,4,787572.00,1,2,5,Regular
CUST2972,4,10,786736.25,5,5,5,Champions
CUST1454,82,5,785216.90,3,3,5,Loyal
CUST1514,116,8,785125.50,2,5,5,"At Risk"
CUST2733,132,5,784806.75,2,3,5,"At Risk"
CUST2196,44,6,783343.50,4,4,5,Champions
CUST1739,38,6,782551.80,4,4,5,Champions
CUST1583,3,7,778391.70,5,5,5,Champions
CUST1400,95,6,775175.95,2,4,5,"At Risk"
CUST1411,2,4,774774.00,5,3,5,Loyal
CUST2300,25,8,774040.05,4,5,5,Champions
CUST1007,49,8,773680.05,4,5,5,Champions
CUST1254,192,5,772294.00,1,3,5,"At Risk"
CUST1548,26,9,769203.70,4,5,5,Champions
CUST1370,32,8,766754.45,4,5,5,Champions
CUST1790,67,8,765943.35,3,5,5,Loyal
CUST2653,34,11,762485.15,4,5,5,Champions
CUST1722,13,6,760574.00,5,4,5,Champions
CUST2389,4,7,757786.80,5,5,5,Champions
CUST2163,9,6,757256.35,5,4,5,Champions
CUST1534,134,3,757032.20,2,1,5,Regular
CUST2684,101,7,755001.80,2,4,5,"At Risk"
CUST1014,18,5,752895.25,5,3,5,Loyal
CUST2322,41,7,752831.65,4,5,5,Champions
CUST2829,166,2,752196.25,1,1,5,Regular
CUST1252,126,8,751734.50,2,5,5,"At Risk"
CUST1709,3,3,750427.30,5,2,5,"New / Promising"
CUST2240,102,4,747837.00,2,2,5,Regular
CUST1920,36,9,746793.45,4,5,5,Champions
CUST2459,53,7,745422.55,3,4,5,Loyal
CUST1692,164,4,744404.20,1,2,5,Regular
CUST2703,42,6,744165.35,4,4,5,Champions
CUST2994,96,9,742385.40,2,5,5,"At Risk"
CUST2437,51,6,740768.60,3,4,5,Loyal
CUST1951,82,9,740091.45,3,5,5,Loyal
CUST2577,217,8,736807.20,1,5,5,"At Risk"
CUST1402,14,6,736484.20,5,4,5,Champions
CUST2498,9,8,735940.35,5,5,5,Champions
CUST2452,1,7,733450.75,5,5,5,Champions
CUST1121,227,5,733083.60,1,3,5,"At Risk"
CUST1713,134,6,731362.55,2,4,5,"At Risk"
CUST2423,349,6,730474.25,1,4,5,"At Risk"
CUST1386,43,12,730334.10,4,5,5,Champions
CUST2722,38,8,729759.05,4,5,5,Champions
CUST1935,82,7,728471.65,3,4,5,Loyal
CUST2509,164,7,727375.10,1,4,5,"At Risk"
CUST1759,49,10,725788.00,4,5,5,Champions
CUST1686,20,4,724523.15,4,3,5,Loyal
CUST1565,16,7,724046.35,5,5,5,Champions
CUST2375,3,8,723436.10,5,5,5,Champions
CUST2937,11,7,723068.50,5,5,5,Champions
CUST2870,26,5,723033.70,4,3,5,Loyal
CUST1146,124,4,719003.70,2,2,5,Regular
CUST1049,118,4,718331.20,2,2,5,Regular
CUST2618,56,7,718182.40,3,4,5,Loyal
CUST2595,15,6,717714.10,5,4,5,Champions
CUST2353,43,8,716391.15,4,5,5,Champions
CUST1786,57,6,716068.35,3,4,5,Loyal
CUST2149,17,6,715643.65,5,4,5,Champions
CUST2619,31,6,714879.05,4,4,5,Champions
CUST2603,155,5,714706.30,2,3,5,"At Risk"
CUST2431,67,7,713529.95,3,4,5,Loyal
CUST2484,32,12,712573.95,4,5,5,Champions
CUST1898,23,6,711975.80,4,4,5,Champions
CUST1541,53,5,707471.85,3,3,5,Loyal
CUST2794,14,6,706718.05,5,4,5,Champions
CUST1734,96,7,706441.60,2,4,5,"At Risk"
CUST1999,112,6,702558.70,2,4,5,"At Risk"
CUST1967,12,5,701916.55,5,3,5,Loyal
CUST1658,13,8,701544.10,5,5,5,Champions
CUST2281,4,7,701328.95,5,5,5,Champions
CUST1662,49,4,699267.35,4,2,5,"New / Promising"
CUST1058,54,6,696627.65,3,4,5,Loyal
CUST2298,128,6,695640.80,2,4,5,"At Risk"
CUST1971,47,7,693869.65,4,5,5,Champions
CUST2537,123,6,693586.15,2,4,5,"At Risk"
CUST2242,3,12,691539.55,5,5,5,Champions
CUST1522,229,7,691524.90,1,4,5,"At Risk"
CUST1557,148,1,690694.00,2,1,5,Regular
CUST1295,114,5,686315.15,2,3,5,"At Risk"
CUST2551,242,6,683642.35,1,4,5,"At Risk"
CUST1630,5,6,683290.75,5,4,5,Champions
CUST1037,219,7,683016.25,1,4,5,"At Risk"
CUST1423,194,6,681591.85,1,4,5,"At Risk"
CUST1283,53,8,681553.00,3,5,5,Loyal
CUST2092,39,9,679120.30,4,5,5,Champions
CUST1095,55,8,678403.55,3,5,5,Loyal
CUST1964,38,7,677029.45,4,5,5,Champions
CUST2199,92,6,676909.05,2,4,5,"At Risk"
CUST2458,12,15,676419.35,5,5,5,Champions
CUST1072,11,8,675057.95,5,5,5,Champions
CUST2960,164,4,674288.30,1,2,5,Regular
CUST1501,36,9,672701.50,4,5,5,Champions
CUST1118,5,8,670630.85,5,5,5,Champions
CUST1331,99,8,668494.25,2,5,5,"At Risk"
CUST2863,19,6,667512.05,5,4,5,Champions
CUST2064,23,8,663138.90,4,5,5,Champions
CUST1896,25,8,662210.70,4,5,5,Champions
CUST1202,80,6,661132.00,3,4,5,Loyal
CUST1341,3,5,659180.65,5,4,5,Champions
CUST1627,54,7,657717.70,3,4,5,Loyal
CUST1136,19,4,655198.15,5,3,5,Loyal
CUST2046,230,5,655190.65,1,3,5,"At Risk"
CUST1578,273,8,655150.20,1,5,5,"At Risk"
CUST1230,74,4,654746.30,3,2,5,Regular
CUST2528,49,7,654178.85,4,4,5,Champions
CUST1945,78,7,653760.60,3,4,5,Loyal
CUST2821,24,11,649240.35,4,5,5,Champions
CUST2554,3,4,647043.35,5,3,5,Loyal
CUST1133,45,9,646270.10,4,5,5,Champions
CUST2741,48,8,644344.20,4,5,5,Champions
CUST1851,16,8,644335.35,5,5,5,Champions
CUST1808,16,10,643931.75,5,5,5,Champions
CUST2462,137,6,643698.10,2,4,5,"At Risk"
CUST1782,39,6,643031.40,4,4,5,Champions
CUST1158,2,7,638833.60,5,5,5,Champions
CUST1887,20,5,638816.10,4,3,5,Loyal
CUST1185,74,7,636954.40,3,4,5,Loyal
CUST2370,221,4,636844.00,1,2,5,Regular
CUST1969,4,6,636808.25,5,4,5,Champions
CUST2209,78,4,635435.30,3,2,5,Regular
CUST2352,16,11,634468.40,5,5,5,Champions
CUST1068,5,5,634080.20,5,4,5,Champions
CUST2475,6,11,633755.75,5,5,5,Champions
CUST1096,9,7,633738.90,5,5,5,Champions
CUST1013,27,8,633617.10,4,5,5,Champions
CUST1962,15,4,632437.20,5,3,5,Loyal
CUST2493,104,8,631353.00,2,5,5,"At Risk"
CUST1335,15,6,630628.35,5,4,5,Champions
CUST2544,32,7,627592.75,4,5,5,Champions
CUST1446,162,7,627592.65,1,4,5,"At Risk"
CUST1107,13,5,626423.40,5,3,5,Loyal
CUST2315,54,7,623942.85,3,4,5,Loyal
CUST1054,81,10,623150.60,3,5,5,Loyal
CUST2394,79,3,623117.00,3,2,5,Regular
CUST1901,73,5,622547.30,3,3,5,Loyal
CUST2288,130,3,622499.05,2,1,5,Regular
CUST1006,46,5,620682.75,4,3,5,Loyal
CUST2201,416,6,620411.40,1,4,5,"At Risk"
CUST1018,31,3,619648.05,4,2,5,"New / Promising"
CUST2920,53,6,619334.40,3,4,5,Loyal
CUST2769,39,7,619259.55,4,5,5,Champions
CUST1466,75,4,617461.45,3,2,5,Regular
CUST2400,17,6,615520.95,5,4,5,Champions
CUST2762,33,10,614769.40,4,5,5,Champions
CUST1606,177,5,613072.35,1,3,5,"At Risk"
CUST2038,30,7,611750.05,4,5,5,Champions
CUST1184,3,8,611115.50,5,5,5,Champions
CUST1643,219,5,607656.65,1,3,5,"At Risk"
CUST2935,44,6,607245.65,4,4,5,Champions
CUST1913,15,11,607192.30,5,5,5,Champions
CUST2617,61,7,607113.70,3,4,5,Loyal
CUST1641,16,5,607106.30,5,3,5,Loyal
CUST2538,46,5,604021.80,4,3,5,Loyal
CUST2050,93,3,602091.10,2,2,5,Regular
CUST2606,126,4,601141.55,2,2,5,Regular
CUST1249,21,11,599837.00,4,5,5,Champions
CUST1674,147,8,599144.05,2,5,5,"At Risk"
CUST1209,65,9,598386.95,3,5,5,Loyal
CUST1038,96,3,598190.30,2,2,5,Regular
CUST1320,7,6,598041.35,5,4,5,Champions
CUST2415,1,8,597992.85,5,5,5,Champions
CUST1846,7,7,597251.75,5,5,5,Champions
CUST1774,68,8,596132.80,3,5,5,Loyal
CUST2698,38,7,595753.45,4,5,5,Champions
CUST1339,5,9,594912.90,5,5,5,Champions
CUST1294,27,7,594890.35,4,5,5,Champions
CUST1965,160,5,594480.40,2,3,5,"At Risk"
CUST2830,124,7,593033.50,2,4,5,"At Risk"
CUST2003,85,7,591129.30,3,4,5,Loyal
CUST2270,127,4,590736.90,2,2,5,Regular
CUST1409,8,7,589622.85,5,5,5,Champions
CUST1336,116,3,588049.25,2,1,5,Regular
CUST1974,14,12,587885.95,5,5,5,Champions
CUST1853,201,6,586844.55,1,4,5,"At Risk"
CUST1569,63,5,586354.90,3,3,5,Loyal
CUST1441,227,3,585574.00,1,1,5,Regular
CUST1436,57,7,585075.45,3,4,5,Loyal
CUST1486,139,4,585007.40,2,2,5,Regular
CUST1367,22,3,584490.20,4,2,5,"New / Promising"
CUST2434,11,7,584234.15,5,5,5,Champions
CUST1243,134,6,583950.40,2,4,5,"At Risk"
CUST1760,53,7,583820.35,3,4,5,Loyal
CUST2210,46,4,583087.80,4,2,5,"New / Promising"
CUST2031,6,7,582544.85,5,5,5,Champions
CUST1563,7,7,582504.60,5,5,5,Champions
CUST1733,10,7,582474.75,5,5,5,Champions
CUST2306,148,5,582331.10,2,3,5,"At Risk"
CUST1825,51,10,581209.60,3,5,5,Loyal
CUST1991,196,5,580982.65,1,3,5,"At Risk"
CUST2359,44,10,580729.25,4,5,5,Champions
CUST2715,40,6,580013.00,4,4,5,Champions
CUST1883,1,7,579994.00,5,5,5,Champions
CUST2694,77,8,578902.00,3,5,5,Loyal
CUST2856,10,11,578557.90,5,5,5,Champions
CUST2162,160,6,577451.15,2,4,5,"At Risk"
CUST1088,21,3,576837.05,4,2,5,"New / Promising"
CUST1791,207,5,576640.40,1,3,5,"At Risk"
CUST2519,56,10,576107.45,3,5,5,Loyal
CUST1142,85,6,575916.10,3,4,5,Loyal
CUST2540,132,5,574375.65,2,3,5,"At Risk"
CUST1885,42,5,574303.20,4,3,5,Loyal
CUST2571,217,4,573669.35,1,2,5,Regular
CUST1732,160,7,573422.10,2,4,5,"At Risk"
CUST2015,12,8,573385.55,5,5,5,Champions
CUST2989,77,4,572953.65,3,2,5,Regular
CUST2514,50,3,572713.40,4,2,5,"New / Promising"
CUST1321,153,4,571612.50,2,2,5,Regular
CUST1033,40,4,570684.50,4,2,5,"New / Promising"
CUST1082,39,9,569133.50,4,5,5,Champions
CUST1452,2,9,568019.35,5,5,5,Champions
CUST2939,23,6,567939.45,4,4,5,Champions
CUST2838,19,5,567177.10,5,3,5,Loyal
CUST2062,38,9,566861.05,4,5,5,Champions
CUST2664,178,6,564857.25,1,4,5,"At Risk"
CUST2061,106,7,564604.30,2,4,5,"At Risk"
CUST2345,14,2,562792.80,5,1,5,"New / Promising"
CUST2137,56,4,562395.20,3,2,5,Regular
CUST2812,26,5,562146.15,4,3,5,Loyal
CUST2803,183,7,561476.35,1,4,5,"At Risk"
CUST2407,22,5,561456.10,4,3,5,Loyal
CUST2961,20,4,560910.85,5,3,5,Loyal
CUST2583,53,4,560818.50,3,2,5,Regular
CUST2249,21,7,560537.90,4,5,5,Champions
CUST2433,27,11,559206.05,4,5,5,Champions
CUST1700,51,7,559175.15,3,4,5,Loyal
CUST2377,85,6,559127.50,3,4,5,Loyal
CUST1398,8,7,558531.00,5,5,5,Champions
CUST1905,55,5,557369.00,3,3,5,Loyal
CUST1258,25,8,557264.00,4,5,5,Champions
CUST2337,57,7,556717.55,3,4,5,Loyal
CUST2693,74,6,556204.75,3,4,5,Loyal
CUST2887,32,2,556173.25,4,1,5,"New / Promising"
CUST1445,12,3,555076.40,5,2,5,"New / Promising"
CUST2611,50,8,553936.55,4,5,5,Champions
CUST1053,77,8,553118.10,3,5,5,Loyal
CUST1899,53,9,552854.20,3,5,5,Loyal
CUST1697,183,5,552834.05,1,3,4,"At Risk"
CUST2034,15,9,552341.10,5,5,4,Champions
CUST1163,61,10,551452.40,3,5,4,Loyal
CUST2644,18,6,551433.95,5,4,4,Champions
CUST2179,124,2,549241.35,2,1,4,Regular
CUST2398,14,13,547958.15,5,5,4,Champions
CUST2773,103,7,547880.55,2,4,4,"At Risk"
CUST1192,71,7,547744.00,3,4,4,Loyal
CUST2366,119,8,547329.05,2,5,4,"At Risk"
CUST2688,19,11,546110.65,5,5,4,Champions
CUST1676,109,11,546015.95,2,5,4,"At Risk"
CUST2374,8,7,546000.65,5,5,4,Champions
CUST1047,31,7,545168.35,4,5,4,Champions
CUST1115,187,3,544953.00,1,1,4,Regular
CUST1011,33,9,544494.75,4,5,4,Champions
CUST1463,19,6,544216.20,5,4,4,Champions
CUST1473,134,3,543693.30,2,1,4,Regular
CUST2496,106,5,543484.70,2,3,4,"At Risk"
CUST2219,13,9,543127.90,5,5,4,Champions
CUST2466,39,3,542663.20,4,2,4,"New / Promising"
CUST1080,61,5,542659.05,3,3,4,Loyal
CUST2402,263,3,541278.50,1,1,4,Regular
CUST2262,5,3,541135.40,5,2,4,"New / Promising"
CUST2286,76,10,541015.75,3,5,4,Loyal
CUST2556,4,8,540090.50,5,5,4,Champions
CUST2903,107,6,539174.20,2,4,4,"At Risk"
CUST2380,129,4,538940.30,2,2,4,Regular
CUST1383,11,9,537923.45,5,5,4,Champions
CUST2220,17,6,536901.75,5,4,4,Champions
CUST2867,51,5,536619.55,3,3,4,Loyal
CUST1873,18,6,536572.95,5,4,4,Champions
CUST2921,27,8,535358.50,4,5,4,Champions
CUST2569,12,6,535146.80,5,4,4,Champions
CUST2185,87,8,534407.40,2,5,4,"At Risk"
CUST2165,67,6,534016.40,3,4,4,Loyal
CUST2964,6,6,533658.40,5,4,4,Champions
CUST1210,52,7,533595.50,3,4,4,Loyal
CUST2070,26,6,533370.90,4,4,4,Champions
CUST2146,20,6,533035.95,4,4,4,Champions
CUST1425,16,7,532926.15,5,5,4,Champions
CUST1538,6,5,530688.15,5,3,4,Loyal
CUST2731,36,8,530437.30,4,5,4,Champions
CUST2161,304,3,528780.50,1,1,4,Regular
CUST1904,84,7,528572.50,3,4,4,Loyal
CUST2970,0,4,528304.45,5,3,4,Loyal
CUST1300,110,4,527453.40,2,2,4,Regular
CUST2492,9,7,526599.50,5,5,4,Champions
CUST2066,148,5,524833.05,2,3,4,"At Risk"
CUST1659,3,6,522743.85,5,4,4,Champions
CUST1879,63,3,522202.25,3,2,4,Regular
CUST2308,132,6,520391.85,2,4,4,"At Risk"
CUST2914,5,7,519903.55,5,5,4,Champions
CUST2697,11,4,519376.25,5,3,4,Loyal
CUST1224,21,5,518501.50,4,3,4,Loyal
CUST2436,49,4,517782.55,4,2,4,"New / Promising"
CUST2749,33,9,517302.50,4,5,4,Champions
CUST1626,10,6,517239.50,5,4,4,Champions
CUST1634,55,5,517057.95,3,3,4,Loyal
CUST2904,117,6,516598.15,2,4,4,"At Risk"
CUST1483,67,5,516323.10,3,3,4,Loyal
CUST2373,112,9,514792.75,2,5,4,"At Risk"
CUST2221,119,5,513797.10,2,3,4,"At Risk"
CUST2555,139,4,513665.35,2,2,4,Regular
CUST2760,74,8,512744.55,3,5,4,Loyal
CUST2303,61,5,512279.90,3,3,4,Loyal
CUST1046,14,11,510495.25,5,5,4,Champions
CUST1487,103,7,510245.50,2,4,4,"At Risk"
CUST2135,35,3,510166.05,4,2,4,"New / Promising"
CUST1305,12,9,509921.50,5,5,4,Champions
CUST2244,16,9,509653.80,5,5,4,Champions
CUST1275,44,10,509290.95,4,5,4,Champions
CUST1874,3,10,508701.00,5,5,4,Champions
CUST1002,165,7,506842.70,1,4,4,"At Risk"
CUST1071,243,5,506830.25,1,3,4,"At Risk"
CUST2539,1,10,506463.10,5,5,4,Champions
CUST1693,4,5,506173.10,5,4,4,Champions
CUST2894,37,5,505940.40,4,3,4,Loyal
CUST1987,18,8,504820.35,5,5,4,Champions
CUST1929,5,9,504540.55,5,5,4,Champions
CUST2365,63,8,503406.10,3,5,4,Loyal
CUST1620,12,6,503349.20,5,4,4,Champions
CUST1610,22,7,502894.00,4,5,4,Champions
CUST2635,106,9,502678.40,2,5,4,"At Risk"
CUST1084,31,10,501954.30,4,5,4,Champions
CUST1940,141,3,501072.95,2,1,4,Regular
CUST1166,27,7,501037.80,4,5,4,Champions
CUST1017,50,4,500620.35,3,2,4,Regular
CUST2413,12,4,499334.35,5,3,4,Loyal
CUST1785,62,8,498665.15,3,5,4,Loyal
CUST2592,11,4,498662.20,5,3,4,Loyal
CUST2251,11,7,498584.30,5,5,4,Champions
CUST1812,46,8,497907.45,4,5,4,Champions
CUST1521,22,4,496656.20,4,3,4,Loyal
CUST1841,106,7,495700.05,2,4,4,"At Risk"
CUST2729,66,3,495555.40,3,2,4,Regular
CUST1719,166,6,495345.50,1,4,4,"At Risk"
CUST2214,157,5,495174.25,2,3,4,"At Risk"
CUST2809,45,7,495014.05,4,5,4,Champions
CUST2999,82,7,494735.40,3,4,4,Loyal
CUST2634,0,7,494602.45,5,5,4,Champions
CUST2334,9,6,494330.90,5,4,4,Champions
CUST2358,66,6,493873.35,3,4,4,Loyal
CUST1861,31,6,492781.15,4,4,4,Champions
CUST1954,135,6,492481.55,2,4,4,"At Risk"
CUST1269,56,4,491927.00,3,2,4,Regular
CUST2940,83,7,491750.50,3,4,4,Loyal
CUST1588,4,7,491711.35,5,5,4,Champions
CUST2129,75,5,490117.85,3,3,4,Loyal
CUST2976,102,5,487274.35,2,3,4,"At Risk"
CUST1530,23,6,487187.55,4,4,4,Champions
CUST1675,144,8,486330.60,2,5,4,"At Risk"
CUST1982,74,5,486191.45,3,3,4,Loyal
CUST2936,10,6,484585.15,5,4,4,Champions
CUST1505,112,6,484476.50,2,4,4,"At Risk"
CUST2815,39,7,483856.55,4,5,4,Champions
CUST2255,1,9,483784.55,5,5,4,Champions
CUST2757,86,6,482695.65,3,4,4,Loyal
CUST2218,80,6,481293.20,3,4,4,Loyal
CUST2591,8,6,481252.55,5,4,4,Champions
CUST2825,25,7,480646.65,4,5,4,Champions
CUST1357,41,4,480500.70,4,2,4,"New / Promising"
CUST2808,27,4,480411.40,4,3,4,Loyal
CUST1698,37,6,475589.20,4,4,4,Champions
CUST1684,37,7,475360.30,4,5,4,Champions
CUST2302,4,11,475092.60,5,5,4,Champions
CUST1545,114,4,471841.65,2,2,4,Regular
CUST2170,35,5,470977.80,4,3,4,Loyal
CUST2675,81,3,469802.10,3,2,4,Regular
CUST1795,103,5,469432.85,2,3,4,"At Risk"
CUST2047,65,10,469061.40,3,5,4,Loyal
CUST2332,85,7,468134.65,3,4,4,Loyal
CUST1174,6,5,467710.00,5,3,4,Loyal
CUST1668,61,4,467164.50,3,2,4,Regular
CUST2416,96,6,466405.80,2,4,4,"At Risk"
CUST1415,9,6,466381.70,5,4,4,Champions
CUST2648,81,3,465942.80,3,2,4,Regular
CUST1952,35,5,465552.65,4,3,4,Loyal
CUST2944,7,7,465254.15,5,5,4,Champions
CUST1956,503,6,464404.00,1,4,4,"At Risk"
CUST1236,191,3,463495.40,1,1,4,Regular
CUST2627,146,7,463134.05,2,4,4,"At Risk"
CUST2763,111,9,463106.85,2,5,4,"At Risk"
CUST2275,10,6,462585.05,5,4,4,Champions
CUST2110,43,7,461890.40,4,5,4,Champions
CUST2105,108,6,461657.50,2,4,4,"At Risk"
CUST1464,71,5,461651.80,3,3,4,Loyal
CUST1994,69,5,460065.80,3,3,4,Loyal
CUST1864,115,4,459540.10,2,2,4,Regular
CUST2906,24,5,458833.25,4,3,4,Loyal
CUST2187,69,3,458740.15,3,2,4,Regular
CUST2099,31,6,458498.20,4,4,4,Champions
CUST1496,74,2,457528.55,3,1,4,Regular
CUST2800,23,8,457185.85,4,5,4,Champions
CUST1432,36,5,456093.15,4,3,4,Loyal
CUST2586,85,6,456075.85,3,4,4,Loyal
CUST2328,40,8,455974.70,4,5,4,Champions
CUST1528,138,4,455706.50,2,2,4,Regular
CUST2020,140,3,455164.40,2,1,4,Regular
CUST1680,56,4,455031.20,3,2,4,Regular
CUST1765,94,9,454722.80,2,5,4,"At Risk"
CUST2474,148,8,453346.20,2,5,4,"At Risk"
CUST2659,172,3,452898.40,1,1,4,Regular
CUST1435,18,7,451833.45,5,5,4,Champions
CUST1742,173,5,450185.15,1,3,4,"At Risk"
CUST1063,479,1,450045.05,1,1,4,Regular
CUST2990,69,6,449325.15,3,4,4,Loyal
CUST2090,82,4,449188.40,3,2,4,Regular
CUST1311,20,5,448900.15,4,3,4,Loyal
CUST1135,68,5,447983.20,3,3,4,Loyal
CUST2767,34,9,447461.00,4,5,4,Champions
CUST1468,281,5,447251.30,1,3,4,"At Risk"
CUST1758,124,5,447045.80,2,3,4,"At Risk"
CUST2028,24,3,446741.20,4,2,4,"New / Promising"
CUST2559,55,8,446375.90,3,5,4,Loyal
CUST2864,65,5,445696.50,3,3,4,Loyal
CUST1064,68,7,445272.35,3,4,4,Loyal
CUST1613,27,7,445228.50,4,5,4,Champions
CUST1653,55,4,445116.60,3,2,4,Regular
CUST1928,198,6,444191.80,1,4,4,"At Risk"
CUST2147,99,7,443172.30,2,4,4,"At Risk"
CUST2324,33,8,443116.65,4,5,4,Champions
CUST2430,19,6,442897.60,5,4,4,Champions
CUST1404,176,5,442489.45,1,3,4,"At Risk"
CUST2392,41,4,441908.55,4,2,4,"New / Promising"
CUST2680,48,5,441708.20,4,3,4,Loyal
CUST2786,40,4,440084.50,4,2,4,"New / Promising"
CUST1187,23,8,439683.00,4,5,4,Champions
CUST1427,34,7,439630.75,4,5,4,Champions
CUST1056,80,6,439340.10,3,4,4,Loyal
CUST2008,48,6,438943.90,4,4,4,Champions
CUST2297,47,7,438233.00,4,5,4,Champions
CUST1374,2,6,438023.40,5,4,4,Champions
CUST1567,124,4,437574.30,2,2,4,Regular
CUST1998,10,11,437394.45,5,5,4,Champions
CUST1348,317,3,436443.10,1,1,4,Regular
CUST1706,39,3,435039.10,4,2,4,"New / Promising"
CUST1149,50,5,434663.20,4,3,4,Loyal
CUST2128,22,4,434380.25,4,3,4,Loyal
CUST2004,95,9,434206.70,2,5,4,"At Risk"
CUST1240,39,7,434076.35,4,5,4,Champions
CUST1712,52,3,433791.00,3,2,4,Regular
CUST1220,71,8,433764.55,3,5,4,Loyal
CUST2371,16,7,433164.70,5,5,4,Champions
CUST1148,295,4,433050.60,1,2,4,Regular
CUST2181,2,5,432884.15,5,4,4,Champions
CUST2113,105,6,432571.45,2,4,4,"At Risk"
CUST1439,204,5,432260.65,1,3,4,"At Risk"
CUST2674,0,6,432210.20,5,4,4,Champions
CUST2023,78,6,431884.25,3,4,4,Loyal
CUST1332,3,3,431208.40,5,2,4,"New / Promising"
CUST2772,202,5,427475.55,1,3,4,"At Risk"
CUST1304,185,4,427190.00,1,2,4,Regular
CUST2405,42,11,426980.40,4,5,4,Champions
CUST1035,15,7,426495.20,5,5,4,Champions
CUST2450,170,3,426491.10,1,1,4,Regular
CUST2717,85,4,425598.75,3,2,4,Regular
CUST2344,74,5,425072.10,3,3,4,Loyal
CUST2026,92,4,425011.75,2,2,4,Regular
CUST2234,51,8,424703.25,3,5,4,Loyal
CUST2866,25,6,423791.25,4,4,4,Champions
CUST1970,57,6,423670.40,3,4,4,Loyal
CUST1119,141,5,423650.20,2,3,4,"At Risk"
CUST1153,20,7,423576.60,4,5,4,Champions
CUST1076,75,7,423484.65,3,4,4,Loyal
CUST2526,113,8,423158.00,2,5,4,"At Risk"
CUST1297,124,6,422439.35,2,4,4,"At Risk"
CUST2225,40,5,422337.50,4,3,4,Loyal
CUST1448,99,6,422015.95,2,4,4,"At Risk"
CUST1624,37,3,420115.20,4,2,4,"New / Promising"
CUST1775,105,4,420038.50,2,2,4,Regular
CUST1350,16,6,419782.40,5,4,4,Champions
CUST1517,100,2,419003.35,2,1,4,Regular
CUST1762,88,7,418927.40,2,4,4,"At Risk"
CUST2643,61,7,418503.25,3,4,4,Loyal
CUST1696,86,5,418457.60,3,3,4,Loyal
CUST1363,155,7,417593.10,2,4,4,"At Risk"
CUST2386,51,8,417036.00,3,5,4,Loyal
CUST2427,43,5,416583.70,4,3,4,Loyal
CUST1195,38,5,415776.30,4,3,4,Loyal
CUST2691,164,6,415196.35,1,4,4,"At Risk"
CUST2040,196,5,414977.60,1,3,4,"At Risk"
CUST1518,37,5,414642.55,4,3,4,Loyal
CUST2995,5,9,414506.20,5,5,4,Champions
CUST1130,1,5,414109.30,5,4,4,Champions
CUST2130,6,5,413559.20,5,3,4,Loyal
CUST2847,82,8,412603.20,3,5,4,Loyal
CUST2908,24,9,411771.65,4,5,4,Champions
CUST1570,46,7,411053.40,4,5,4,Champions
CUST1173,45,6,410922.10,4,4,4,Champions
CUST2383,5,6,410427.60,5,4,4,Champions
CUST1654,282,2,410352.45,1,1,4,Regular
CUST1222,6,8,408622.50,5,5,4,Champions
CUST2073,116,7,408230.20,2,4,4,"At Risk"
CUST2022,828,2,408107.00,1,1,4,Regular
CUST2631,47,6,408091.90,4,4,4,Champions
CUST1346,71,6,407472.45,3,4,4,Loyal
CUST2186,33,4,407205.05,4,3,4,Loyal
CUST1125,17,5,407178.05,5,3,4,Loyal
CUST1837,87,5,406559.00,2,3,4,"At Risk"
CUST1155,5,9,405912.50,5,5,4,Champions
CUST2127,482,3,405645.45,1,1,4,Regular
CUST1942,27,6,405444.55,4,4,4,Champions
CUST1503,23,7,405410.85,4,5,4,Champions
CUST1196,96,4,405182.25,2,2,4,Regular
CUST1261,17,4,404883.30,5,3,4,Loyal
CUST2239,79,8,404223.00,3,5,4,Loyal
CUST1024,115,8,403674.00,2,5,4,"At Risk"
CUST1111,137,5,403666.85,2,3,4,"At Risk"
CUST1494,256,5,403587.10,1,3,4,"At Risk"
CUST2176,7,4,403436.20,5,3,4,Loyal
CUST2259,32,7,403411.80,4,5,4,Champions
CUST2336,298,4,402739.35,1,2,4,Regular
CUST1050,164,5,401907.00,1,3,4,"At Risk"
CUST2360,42,6,401788.35,4,4,4,Champions
CUST2701,33,6,401534.45,4,4,4,Champions
CUST1066,102,3,401531.40,2,2,4,Regular
CUST1657,18,5,401515.35,5,3,4,Loyal
CUST1629,9,8,401014.75,5,5,4,Champions
CUST1584,247,2,400990.20,1,1,4,Regular
CUST2614,162,4,400635.25,1,2,4,Regular
CUST1531,335,2,400490.30,1,1,4,Regular
CUST2487,72,3,400152.20,3,2,4,Regular
CUST2116,51,6,399741.60,3,4,4,Loyal
CUST2748,44,8,398509.45,4,5,4,Champions
CUST1373,20,4,398354.10,4,3,4,Loyal
CUST2414,54,6,397929.65,3,4,4,Loyal
CUST1242,56,3,397699.90,3,2,4,Regular
CUST2282,124,7,397147.35,2,4,4,"At Risk"
CUST2932,54,6,395931.30,3,4,4,Loyal
CUST1886,165,3,395673.40,1,1,4,Regular
CUST2428,31,7,394321.75,4,5,4,Champions
CUST2312,6,6,393648.50,5,4,4,Champions
CUST1338,53,8,392975.70,3,5,4,Loyal
CUST1218,22,10,392866.75,4,5,4,Champions
CUST1921,10,4,392409.10,5,3,4,Loyal
CUST2645,31,6,392378.85,4,4,4,Champions
CUST1057,84,4,391368.65,3,2,4,Regular
CUST1611,92,3,390643.35,2,2,4,Regular
CUST1226,251,5,390433.65,1,3,4,"At Risk"
CUST1087,162,3,390091.00,1,1,4,Regular
CUST1793,67,10,389807.45,3,5,4,Loyal
CUST2604,36,4,389065.45,4,3,4,Loyal
CUST2006,197,5,389044.95,1,3,4,"At Risk"
CUST1389,48,6,388361.90,4,4,4,Champions
CUST1625,81,8,388274.40,3,5,4,Loyal
CUST2043,50,5,388010.20,4,3,4,Loyal
CUST2172,17,5,385995.35,5,3,4,Loyal
CUST1015,193,6,385538.75,1,4,4,"At Risk"
CUST2372,31,7,385322.45,4,5,4,Champions
CUST1237,53,6,385123.55,3,4,4,Loyal
CUST2844,162,6,384911.90,1,4,4,"At Risk"
CUST1822,100,7,384298.60,2,4,4,"At Risk"
CUST2068,7,7,383947.30,5,5,4,Champions
CUST1665,23,7,383713.85,4,5,4,Champions
CUST1512,18,5,381505.90,5,3,4,Loyal
CUST2702,131,9,381372.25,2,5,4,"At Risk"
CUST2229,11,5,381279.15,5,3,4,Loyal
CUST1609,236,2,381159.15,1,1,4,Regular
CUST2122,20,4,380776.30,4,3,4,Loyal
CUST2202,11,7,380179.00,5,5,4,Champions
CUST2781,9,4,380177.90,5,3,4,Loyal
CUST2754,19,6,379611.25,5,4,4,Champions
CUST2276,10,9,378913.65,5,5,4,Champions
CUST1600,52,6,378886.40,3,4,4,Loyal
CUST1539,186,4,378189.05,1,2,4,Regular
CUST1181,74,9,378038.00,3,5,4,Loyal
CUST1585,7,7,378028.10,5,5,4,Champions
CUST2884,227,3,377399.10,1,1,4,Regular
CUST1215,175,3,377154.20,1,1,4,Regular
CUST1378,140,7,377100.85,2,4,4,"At Risk"
CUST1449,154,4,377073.20,2,2,4,Regular
CUST1301,27,8,375903.05,4,5,4,Champions
CUST2765,46,5,375554.60,4,3,4,Loyal
CUST1771,79,5,375429.10,3,3,4,Loyal
CUST1918,127,3,375321.00,2,1,4,Regular
CUST1458,9,8,375294.65,5,5,4,Champions
CUST1811,34,6,374253.00,4,4,4,Champions
CUST1936,63,7,374086.30,3,4,4,Loyal
CUST2208,72,3,373995.00,3,2,4,Regular
CUST2471,479,3,373348.20,1,1,4,Regular
CUST2896,261,5,373229.25,1,3,4,"At Risk"
CUST1292,157,5,372617.85,2,3,4,"At Risk"
CUST1597,186,4,371539.10,1,2,4,Regular
CUST2716,8,7,371393.20,5,5,4,Champions
CUST2740,16,9,371278.65,5,5,4,Champions
CUST2294,112,8,370645.65,2,5,4,"At Risk"
CUST2710,268,2,370487.85,1,1,4,Regular
CUST1981,74,8,370352.95,3,5,4,Loyal
CUST2980,56,4,369586.05,3,2,4,Regular
CUST2494,176,4,369000.80,1,2,4,Regular
CUST2060,13,6,368815.00,5,4,4,Champions
CUST1947,39,7,368749.60,4,5,4,Champions
CUST1109,65,7,368398.25,3,4,4,Loyal
CUST2041,14,2,368305.55,5,1,4,"New / Promising"
CUST2063,336,4,368187.20,1,2,4,Regular
CUST1045,87,4,367920.30,2,2,4,Regular
CUST1069,248,2,367589.15,1,1,4,Regular
CUST1589,86,3,366385.30,3,2,4,Regular
CUST1838,232,6,366314.50,1,4,4,"At Risk"
CUST1413,16,10,366200.40,5,5,4,Champions
CUST1168,69,6,365516.35,3,4,4,Loyal
CUST2601,111,5,365494.10,2,3,4,"At Risk"
CUST2188,75,7,365379.70,3,4,4,Loyal
CUST1552,75,3,364689.00,3,2,4,Regular
CUST1061,35,4,364571.25,4,3,4,Loyal
CUST2878,46,6,364146.75,4,4,4,Champions
CUST1467,129,8,364122.10,2,5,4,"At Risk"
CUST1857,36,8,364090.50,4,5,4,Champions
CUST1667,32,9,363933.00,4,5,4,Champions
CUST2152,164,6,363382.55,1,4,4,"At Risk"
CUST1323,27,3,363340.15,4,2,4,"New / Promising"
CUST2483,16,5,363132.15,5,3,4,Loyal
CUST2576,87,6,362885.50,2,4,4,"At Risk"
CUST2713,237,2,362776.15,1,1,4,Regular
CUST1392,164,4,361893.25,1,2,4,Regular
CUST1508,2,5,359280.40,5,4,4,Champions
CUST1882,23,8,359069.05,4,5,4,Champions
CUST1844,45,3,358992.00,4,2,4,"New / Promising"
CUST1543,54,6,358655.65,3,4,4,Loyal
CUST2704,27,6,358374.60,4,4,4,Champions
CUST1475,75,3,358042.30,3,2,4,Regular
CUST2699,143,3,357856.35,2,1,4,Regular
CUST2650,14,8,357565.80,5,5,4,Champions
CUST2890,10,6,357262.15,5,4,4,Champions
CUST2599,8,4,356933.05,5,3,4,Loyal
CUST2734,130,6,356689.65,2,4,4,"At Risk"
CUST1391,163,3,356655.45,1,1,4,Regular
CUST1477,31,7,356643.65,4,5,4,Champions
CUST1783,77,5,356227.85,3,3,4,Loyal
CUST2477,117,6,356196.65,2,4,4,"At Risk"
CUST1381,73,5,356158.80,3,3,4,Loyal
CUST2747,48,8,356041.35,4,5,4,Champions
CUST1460,17,6,355596.45,5,4,4,Champions
CUST2836,339,5,354203.85,1,3,4,"At Risk"
CUST1351,78,10,354123.75,3,5,4,Loyal
CUST1681,45,8,353956.05,4,5,4,Champions
CUST2021,74,5,353877.30,3,3,4,Loyal
CUST2706,14,9,353876.40,5,5,4,Champions
CUST2945,229,2,353330.20,1,1,3,Regular
CUST2278,50,5,352852.30,4,3,3,Loyal
CUST2133,25,8,352720.85,4,5,3,Loyal
CUST2401,26,4,352582.95,4,3,3,Loyal
CUST1124,6,4,352439.35,5,3,3,Loyal
CUST2198,75,3,351990.15,3,2,3,Regular
CUST1257,57,5,351741.10,3,3,3,Loyal
CUST2707,6,5,351717.95,5,4,3,Loyal
CUST1890,22,5,351004.80,4,3,3,Loyal
CUST2721,131,7,350967.60,2,4,3,"At Risk"
CUST1498,35,4,350800.10,4,3,3,Loyal
CUST2489,34,3,350561.40,4,2,3,"New / Promising"
CUST1900,46,6,350505.05,4,4,3,Loyal
CUST1832,21,4,350109.40,4,3,3,Loyal
CUST1293,118,4,349807.65,2,2,3,Regular
CUST1382,1,7,349796.40,5,5,3,Loyal
CUST2347,103,7,349297.25,2,4,3,"At Risk"
CUST2991,73,5,348881.25,3,3,3,Loyal
CUST1815,55,4,348765.15,3,2,3,Regular
CUST2853,31,6,348726.25,4,4,3,Loyal
CUST2946,146,3,348723.85,2,1,3,Regular
CUST1469,10,5,348335.55,5,3,3,Loyal
CUST1766,51,8,346515.85,3,5,3,Loyal
CUST2265,34,8,346230.20,4,5,3,Loyal
CUST1384,11,3,346213.30,5,2,3,"New / Promising"
CUST2660,2,9,345890.00,5,5,3,Loyal
CUST1327,7,4,345691.00,5,3,3,Loyal
CUST2813,115,4,345631.10,2,2,3,Regular
CUST1302,9,4,345157.10,5,3,3,Loyal
CUST2839,101,6,344440.75,2,4,3,"At Risk"
CUST2677,11,7,344347.15,5,5,3,Loyal
CUST2151,9,6,343965.30,5,4,3,Loyal
CUST2897,75,6,343863.45,3,4,3,Loyal
CUST1820,39,6,343795.55,4,4,3,Loyal
CUST2254,38,6,343621.35,4,4,3,Loyal
CUST2865,262,3,343605.80,1,1,3,Regular
CUST2930,46,5,343520.35,4,3,3,Loyal
CUST1784,16,6,343495.90,5,4,3,Loyal
CUST1912,66,3,341847.15,3,2,3,Regular
CUST2079,86,6,341328.20,3,4,3,Loyal
CUST2426,27,4,340805.00,4,3,3,Loyal
CUST1091,84,6,340111.40,3,4,3,Loyal
CUST2382,3,7,339838.95,5,5,3,Loyal
CUST2247,76,5,339571.15,3,3,3,Loyal
CUST2871,196,5,339356.65,1,3,3,"At Risk"
CUST1992,87,6,338410.45,2,4,3,"At Risk"
CUST1824,23,6,338383.70,4,4,3,Loyal
CUST1924,0,5,338338.55,5,4,3,Loyal
CUST2268,102,4,337994.20,2,2,3,Regular
CUST1554,53,3,337743.15,3,2,3,Regular
CUST1123,43,7,337497.15,4,5,3,Loyal
CUST2780,168,4,336915.75,1,2,3,Regular
CUST2432,25,5,336899.10,4,3,3,Loyal
CUST1768,140,4,336729.45,2,2,3,Regular
CUST1407,56,4,336320.10,3,2,3,Regular
CUST2811,64,6,335849.90,3,4,3,Loyal
CUST2012,16,8,335324.10,5,5,3,Loyal
CUST2236,304,2,335091.30,1,1,3,Regular
CUST1248,20,3,334541.10,4,2,3,"New / Promising"
CUST2587,19,6,334498.05,5,4,3,Loyal
CUST1328,406,3,334452.45,1,1,3,Regular
CUST1145,39,5,334382.40,4,3,3,Loyal
CUST1359,136,3,334132.35,2,1,3,Regular
CUST1852,102,6,334071.40,2,4,3,"At Risk"
CUST2323,21,10,334041.20,4,5,3,Loyal
CUST2959,14,5,333854.40,5,3,3,Loyal
CUST1285,87,4,333789.15,2,2,3,Regular
CUST2391,104,7,333359.65,2,4,3,"At Risk"
CUST1276,67,6,333055.75,3,4,3,Loyal
CUST1282,114,4,332780.70,2,2,3,Regular
CUST2479,81,5,332292.55,3,3,3,Loyal
CUST2542,68,6,332088.15,3,4,3,Loyal
CUST2949,289,4,331011.30,1,2,3,Regular
CUST2758,1,8,330605.55,5,5,3,Loyal
CUST2472,16,7,329444.40,5,5,3,Loyal
CUST1403,98,4,329132.95,2,2,3,Regular
CUST1429,20,4,328190.20,4,3,3,Loyal
CUST2792,17,5,327814.25,5,3,3,Loyal
CUST2025,119,5,327619.90,2,3,3,"At Risk"
CUST1834,117,4,327245.10,2,2,3,Regular
CUST2725,85,6,327193.85,3,4,3,Loyal
CUST2736,156,2,326604.35,2,1,3,Regular
CUST2024,57,4,326190.45,3,2,3,Regular
CUST2547,114,6,325967.00,2,4,3,"At Risk"
CUST1379,438,2,325641.70,1,1,3,Regular
CUST1213,11,6,325607.95,5,4,3,Loyal
CUST2320,172,4,325386.50,1,2,3,Regular
CUST2325,3,7,324736.00,5,5,3,Loyal
CUST2735,135,4,324229.65,2,2,3,Regular
CUST2317,1,9,324125.80,5,5,3,Loyal
CUST2594,30,9,323966.55,4,5,3,Loyal
CUST2444,92,3,323738.00,2,2,3,Regular
CUST2806,1,4,323678.50,5,3,3,Loyal
CUST1529,52,8,322989.95,3,5,3,Loyal
CUST1751,26,6,322851.20,4,4,3,Loyal
CUST1092,83,8,322376.70,3,5,3,Loyal
CUST1500,122,6,322189.85,2,4,3,"At Risk"
CUST1562,53,9,322178.85,3,5,3,Loyal
CUST2473,8,7,322154.75,5,5,3,Loyal
CUST2998,267,2,321870.30,1,1,3,Regular
CUST1524,51,5,321692.20,3,3,3,Loyal
CUST2192,24,5,321631.20,4,3,3,Loyal
CUST1278,49,9,321607.65,4,5,3,Loyal
CUST1927,15,5,321577.80,5,3,3,Loyal
CUST1513,62,8,321248.85,3,5,3,Loyal
CUST2804,140,6,320754.40,2,4,3,"At Risk"
CUST1652,8,8,320431.20,5,5,3,Loyal
CUST1349,158,3,319784.10,2,1,3,Regular
CUST1365,136,4,319630.25,2,2,3,Regular
CUST1568,134,5,319422.10,2,3,3,"At Risk"
CUST1560,27,6,319177.60,4,4,3,Loyal
CUST1279,44,5,319131.95,4,3,3,Loyal
CUST1805,62,7,319025.20,3,4,3,Loyal
CUST1260,3,5,318313.10,5,4,3,Loyal
CUST2647,4,4,318126.55,5,3,3,Loyal
CUST1048,4,6,318040.35,5,4,3,Loyal
CUST1587,13,6,317903.20,5,4,3,Loyal
CUST2329,247,2,317860.20,1,1,3,Regular
CUST1102,63,5,317666.00,3,3,3,Loyal
CUST2404,51,9,317371.00,3,5,3,Loyal
CUST1044,160,4,317284.05,2,2,3,Regular
CUST2709,73,7,316803.60,3,4,3,Loyal
CUST1892,93,4,316598.15,2,2,3,Regular
CUST1919,5,5,316476.45,5,4,3,Loyal
CUST1041,131,4,315966.40,2,2,3,Regular
CUST2624,74,7,315934.60,3,4,3,Loyal
CUST2264,31,7,315652.90,4,5,3,Loyal
CUST2545,118,6,315581.60,2,4,3,"At Risk"
CUST1099,279,2,315343.15,1,1,3,Regular
CUST1619,444,3,315157.15,1,1,3,Regular
CUST1106,8,8,314723.65,5,5,3,Loyal
CUST1827,2,6,313912.10,5,4,3,Loyal
CUST1250,50,4,313889.15,4,2,3,"New / Promising"
CUST2933,242,2,313346.15,1,1,3,Regular
CUST2951,157,5,313194.15,2,3,3,"At Risk"
CUST2495,54,4,313009.40,3,2,3,Regular
CUST2283,4,6,312765.75,5,4,3,Loyal
CUST2293,55,4,312467.70,3,2,3,Regular
CUST2384,62,7,312376.50,3,4,3,Loyal
CUST1792,49,6,312170.50,4,4,3,Loyal
CUST2237,31,7,310768.25,4,5,3,Loyal
CUST2233,143,5,310677.80,2,3,3,"At Risk"
CUST2797,157,4,310527.10,2,2,3,Regular
CUST2610,17,8,310046.70,5,5,3,Loyal
CUST1476,97,8,309966.35,2,5,3,"At Risk"
CUST2114,16,3,309920.95,5,2,3,"New / Promising"
CUST2138,69,9,309471.30,3,5,3,Loyal
CUST1656,107,5,308904.35,2,3,3,"At Risk"
CUST1632,83,6,308560.50,3,4,3,Loyal
CUST2552,84,4,307978.60,3,2,3,Regular
CUST1866,1,7,307958.20,5,5,3,Loyal
CUST2513,35,8,307900.65,4,5,3,Loyal
CUST2912,118,5,307638.40,2,3,3,"At Risk"
CUST1877,84,7,307500.90,3,4,3,Loyal
CUST2164,86,3,307372.15,3,2,3,Regular
CUST2103,179,8,307313.55,1,5,3,"At Risk"
CUST2656,14,4,306890.05,5,3,3,Loyal
CUST1334,14,7,306789.00,5,5,3,Loyal
CUST2277,45,8,306756.80,4,5,3,Loyal
CUST1325,19,4,306455.30,5,3,3,Loyal
CUST1499,66,5,306395.05,3,3,3,Loyal
CUST1032,188,6,306131.70,1,4,3,"At Risk"
CUST1821,116,5,305909.80,2,3,3,"At Risk"
CUST1399,0,6,305623.40,5,4,3,Loyal
CUST2348,232,3,305480.00,1,1,3,Regular
CUST2517,45,8,305166.25,4,5,3,Loyal
CUST1028,5,9,304724.25,5,5,3,Loyal
CUST1428,13,5,304554.00,5,3,3,Loyal
CUST1677,13,5,304417.25,5,3,3,Loyal
CUST1644,16,5,304106.25,5,3,3,Loyal
CUST2084,119,7,304067.30,2,4,3,"At Risk"
CUST1988,117,9,303617.85,2,5,3,"At Risk"
CUST1322,57,6,303529.80,3,4,3,Loyal
CUST2018,160,4,303523.10,2,2,3,Regular
CUST1580,95,5,303403.35,2,3,3,"At Risk"
CUST1208,18,5,302976.75,5,3,3,Loyal
CUST2065,198,3,302609.55,1,1,3,Regular
CUST2418,129,5,301868.70,2,3,3,"At Risk"
CUST2215,118,3,301400.95,2,1,3,Regular
CUST1683,0,7,301301.25,5,5,3,Loyal
CUST2522,125,8,299462.25,2,5,3,"At Risk"
CUST1324,61,3,299425.60,3,2,3,Regular
CUST2934,13,6,299212.25,5,4,3,Loyal
CUST2819,13,5,299188.10,5,3,3,Loyal
CUST2779,4,4,299106.05,5,3,3,Loyal
CUST1740,51,5,299028.35,3,3,3,Loyal
CUST1355,113,2,298761.25,2,1,3,Regular
CUST1752,216,4,298760.60,1,2,3,Regular
CUST1005,56,4,297899.20,3,2,3,Regular
CUST2515,113,2,297720.30,2,1,3,Regular
CUST1030,117,3,297541.10,2,1,3,Regular
CUST2926,106,5,297523.55,2,3,3,"At Risk"
CUST2057,191,3,297374.15,1,1,3,Regular
CUST2730,39,6,297219.45,4,4,3,Loyal
CUST1845,61,3,297178.55,3,2,3,Regular
CUST1271,19,5,296845.05,5,3,3,Loyal
CUST1637,35,6,296465.55,4,4,3,Loyal
CUST1933,175,3,296381.30,1,1,3,Regular
CUST1281,62,5,296034.30,3,3,3,Loyal
CUST2330,48,6,295814.20,4,4,3,Loyal
CUST1996,17,6,294975.95,5,4,3,Loyal
CUST2886,63,2,294732.25,3,1,3,Regular
CUST1380,5,8,294459.05,5,5,3,Loyal
CUST2403,39,7,294186.00,4,5,3,Loyal
CUST1265,6,7,294023.25,5,5,3,Loyal
CUST2568,83,5,293712.25,3,3,3,Loyal
CUST2085,6,6,293680.55,5,4,3,Loyal
CUST2093,66,6,292755.15,3,4,3,Loyal
CUST2080,115,8,292517.20,2,5,3,"At Risk"
CUST2269,25,3,292445.15,4,2,3,"New / Promising"
CUST2307,85,9,292126.80,3,5,3,Loyal
CUST1817,25,4,291695.65,4,3,3,Loyal
CUST1113,66,8,290836.55,3,5,3,Loyal
CUST2549,54,5,289738.95,3,3,3,Loyal
CUST1347,73,5,289717.20,3,3,3,Loyal
CUST1575,2,5,289662.40,5,4,3,Loyal
CUST1150,178,2,289334.30,1,1,3,Regular
CUST2184,305,2,288855.15,1,1,3,Regular
CUST1140,73,4,287835.40,3,2,3,Regular
CUST1152,8,8,287188.10,5,5,3,Loyal
CUST2228,75,1,286504.00,3,1,3,Regular
CUST1664,38,7,286232.45,4,5,3,Loyal
CUST2728,9,7,286182.10,5,5,3,Loyal
CUST2615,11,9,285822.35,5,5,3,Loyal
CUST2963,137,6,285797.30,2,4,3,"At Risk"
CUST2503,138,2,285795.10,2,1,3,Regular
CUST1516,11,6,285562.70,5,4,3,Loyal
CUST1128,266,5,285284.05,1,3,3,"At Risk"
CUST2333,45,5,285142.45,4,3,3,Loyal
CUST1660,194,4,284821.70,1,2,3,Regular
CUST1131,110,3,284731.10,2,1,3,Regular
CUST2584,34,6,284674.65,4,4,3,Loyal
CUST1581,81,5,284587.05,3,3,3,Loyal
CUST2222,19,6,284182.60,5,4,3,Loyal
CUST2598,30,6,284168.70,4,4,3,Loyal
CUST1957,114,6,283782.60,2,4,3,"At Risk"
CUST1922,80,4,283243.70,3,2,3,Regular
CUST2983,37,4,282145.15,4,3,3,Loyal
CUST2351,56,5,281930.15,3,3,3,Loyal
CUST2831,206,3,281843.00,1,1,3,Regular
CUST1085,44,8,281499.50,4,5,3,Loyal
CUST2965,247,4,280304.65,1,2,3,Regular
CUST1354,165,4,280253.35,1,2,3,Regular
CUST2996,207,4,280227.65,1,2,3,Regular
CUST1941,33,5,279373.40,4,3,3,Loyal
CUST2074,192,5,278806.55,1,3,3,"At Risk"
CUST1833,43,4,278460.65,4,2,3,"New / Promising"
CUST1867,25,2,278398.40,4,1,3,"New / Promising"
CUST1143,125,7,277870.85,2,4,3,"At Risk"
CUST2440,49,7,277208.45,4,4,3,Loyal
CUST2464,246,3,277079.25,1,1,3,Regular
CUST2620,23,12,276553.55,4,5,3,Loyal
CUST1963,140,5,276479.70,2,3,3,"At Risk"
CUST1807,177,5,276123.05,1,3,3,"At Risk"
CUST1628,79,3,274935.05,3,2,3,Regular
CUST1592,167,3,274815.90,1,1,3,Regular
CUST2102,98,4,274645.80,2,2,3,Regular
CUST1484,130,7,274216.10,2,4,3,"At Risk"
CUST2054,19,5,273997.05,5,3,3,Loyal
CUST2409,205,8,273525.15,1,5,3,"At Risk"
CUST2776,115,3,273290.10,2,1,3,Regular
CUST1949,103,5,272882.00,2,3,3,"At Risk"
CUST1288,180,5,272685.20,1,3,3,"At Risk"
CUST1973,109,4,272539.25,2,2,3,Regular
CUST1757,226,5,272126.40,1,3,3,"At Risk"
CUST1310,46,4,271930.75,4,2,3,"New / Promising"
CUST1482,0,6,271177.05,5,4,3,Loyal
CUST2924,23,4,271001.45,4,3,3,Loyal
CUST2048,71,3,270991.55,3,2,3,Regular
CUST2663,315,2,269123.30,1,1,3,Regular
CUST2101,66,4,268985.85,3,2,3,Regular
CUST2455,214,5,268511.20,1,3,3,"At Risk"
CUST1172,72,5,268222.35,3,3,3,Loyal
CUST2560,13,5,267907.75,5,3,3,Loyal
CUST2657,32,7,267385.55,4,5,3,Loyal
CUST1520,155,4,267325.45,2,2,3,Regular
CUST2732,282,7,267193.30,1,4,3,"At Risk"
CUST1492,9,9,266571.95,5,5,3,Loyal
CUST1708,186,7,266501.15,1,4,3,"At Risk"
CUST2879,161,2,266492.20,2,1,3,Regular
CUST1198,156,4,265653.05,2,2,3,Regular
CUST1485,45,5,265090.00,4,3,3,Loyal
CUST1911,55,5,264755.00,3,3,3,Loyal
CUST1078,157,5,264723.80,2,3,3,"At Risk"
CUST2476,75,4,263914.05,3,2,3,Regular
CUST2212,176,5,263354.50,1,3,3,"At Risk"
CUST2465,249,4,263174.00,1,2,3,Regular
CUST1277,19,2,263038.00,5,1,3,"New / Promising"
CUST1646,51,8,262834.50,3,5,3,Loyal
CUST2511,53,4,262697.75,3,2,3,Regular
CUST2889,45,8,262540.55,4,5,3,Loyal
CUST2490,93,8,262102.50,2,5,3,"At Risk"
CUST2585,3,5,262086.85,5,4,3,Loyal
CUST1077,223,3,261943.20,1,1,3,Regular
CUST1753,20,6,261593.80,4,4,3,Loyal
CUST1776,234,2,261590.00,1,1,3,Regular
CUST1553,78,7,260968.10,3,4,3,Loyal
CUST2783,572,1,260849.25,1,1,3,Regular
CUST2968,68,6,260388.90,3,4,3,Loyal
CUST1809,117,5,260206.25,2,3,3,"At Risk"
CUST1576,17,5,260113.10,5,3,3,Loyal
CUST2974,9,7,260017.30,5,5,3,Loyal
CUST1268,80,5,259852.65,3,3,3,Loyal
CUST1493,32,5,259327.20,4,3,3,Loyal
CUST1953,18,9,258338.40,5,5,3,Loyal
CUST1923,238,1,258245.05,1,1,3,Regular
CUST2439,193,3,258006.25,1,1,3,Regular
CUST1340,25,5,257979.20,4,3,3,Loyal
CUST1308,197,5,257740.60,1,3,3,"At Risk"
CUST1450,43,4,257673.40,4,2,3,"New / Promising"
CUST2217,40,5,257349.70,4,3,3,Loyal
CUST2155,132,3,257284.10,2,1,3,Regular
CUST1223,47,5,256622.15,4,3,3,Loyal
CUST1764,63,5,256435.10,3,3,3,Loyal
CUST2900,63,8,256171.30,3,5,3,Loyal
CUST2742,183,2,256086.00,1,1,3,Regular
CUST2531,3,9,255997.60,5,5,3,Loyal
CUST1705,68,7,255234.60,3,4,3,Loyal
CUST2456,114,8,255000.50,2,5,3,"At Risk"
CUST2764,67,7,254710.35,3,4,3,Loyal
CUST2905,4,5,253627.55,5,4,3,Loyal
CUST2550,86,7,253252.75,3,4,3,Loyal
CUST2854,7,5,252666.25,5,3,3,Loyal
CUST2488,39,8,252278.45,4,5,3,Loyal
CUST2982,11,5,250942.45,5,3,3,Loyal
CUST2849,107,6,250538.95,2,4,3,"At Risk"
CUST2632,175,5,250223.65,1,3,3,"At Risk"
CUST1558,157,8,250171.60,2,5,3,"At Risk"
CUST2364,94,6,249519.20,2,4,3,"At Risk"
CUST2266,109,5,249281.75,2,3,3,"At Risk"
CUST1478,37,5,249249.40,4,3,3,Loyal
CUST2720,135,4,249211.15,2,2,3,Regular
CUST2354,73,3,249126.20,3,2,3,Regular
CUST2422,377,3,249123.20,1,1,3,Regular
CUST1371,32,5,248854.05,4,3,3,Loyal
CUST2309,221,3,248845.00,1,1,3,Regular
CUST2928,130,5,248268.45,2,3,3,"At Risk"
CUST2975,177,6,248210.95,1,4,3,"At Risk"
CUST1262,11,6,248084.15,5,4,3,Loyal
CUST2883,0,7,247509.80,5,5,3,Loyal
CUST2563,82,3,246989.35,3,2,3,Regular
CUST2096,297,3,246496.90,1,1,3,Regular
CUST2695,100,4,246400.10,2,2,3,Regular
CUST1497,22,6,246324.65,4,4,3,Loyal
CUST1456,140,7,246139.30,2,4,3,"At Risk"
CUST1816,201,3,245826.35,1,1,3,Regular
CUST2118,189,4,245487.15,1,2,3,Regular
CUST2973,62,4,244328.70,3,2,3,Regular
CUST2888,192,7,243924.25,1,4,3,"At Risk"
CUST2180,10,7,243911.20,5,5,3,Loyal
CUST2369,112,5,242722.55,2,3,3,"At Risk"
CUST1623,155,2,242355.20,2,1,3,Regular
CUST1577,450,5,242191.15,1,3,3,"At Risk"
CUST1878,140,5,241399.25,2,3,3,"At Risk"
CUST2689,138,3,241161.25,2,1,3,Regular
CUST2290,131,2,240900.15,2,1,3,Regular
CUST2834,0,4,240742.00,5,3,3,Loyal
CUST1669,160,4,240551.55,2,2,3,Regular
CUST2191,21,3,239691.40,4,2,3,"New / Promising"
CUST2355,101,8,239313.20,2,5,3,"At Risk"
CUST1868,156,8,239310.10,2,5,3,"At Risk"
CUST2862,202,4,238920.40,1,2,3,Regular
CUST2326,45,6,238522.10,4,4,3,Loyal
CUST2911,8,6,237960.75,5,4,3,Loyal
CUST2790,92,5,237488.20,2,3,3,"At Risk"
CUST2738,178,4,237072.35,1,2,3,Regular
CUST1039,30,4,237046.45,4,3,3,Loyal
CUST1741,55,4,236659.05,3,2,3,Regular
CUST1205,133,4,236143.00,2,2,3,Regular
CUST2037,170,3,236140.25,1,1,3,Regular
CUST1990,17,5,235798.35,5,3,3,Loyal
CUST2016,53,5,235564.35,3,3,3,Loyal
CUST1551,167,3,235547.60,1,1,3,Regular
CUST2106,83,4,235526.50,3,2,3,Regular
CUST2832,99,3,234937.15,2,2,3,Regular
CUST2291,75,4,234002.55,3,2,3,Regular
CUST2039,2,8,233864.40,5,5,3,Loyal
CUST1985,54,7,232876.95,3,4,3,Loyal
CUST2216,75,3,232845.35,3,2,3,Regular
CUST2954,139,8,232675.40,2,5,3,"At Risk"
CUST2485,250,4,232303.00,1,2,3,Regular
CUST1718,82,2,232197.20,3,1,3,Regular
CUST1089,518,5,232196.60,1,3,3,"At Risk"
CUST2241,41,5,232141.15,4,3,3,Loyal
CUST2193,157,5,231985.85,2,3,3,"At Risk"
CUST1199,295,4,231914.20,1,2,3,Regular
CUST1388,23,5,231565.60,4,3,3,Loyal
CUST1316,134,6,230876.90,2,4,3,"At Risk"
CUST2952,218,4,230698.15,1,2,3,Regular
CUST1648,229,3,230503.25,1,1,3,Regular
CUST2457,62,4,230489.20,3,2,3,Regular
CUST2669,132,3,230340.00,2,1,3,Regular
CUST1615,5,4,230220.65,5,3,3,Loyal
CUST1535,67,6,230027.45,3,4,3,Loyal
CUST2406,12,6,229760.05,5,4,3,Loyal
CUST2541,37,4,229686.40,4,3,3,Loyal
CUST1090,27,7,229592.80,4,5,3,Loyal
CUST2482,42,2,229095.10,4,1,3,"New / Promising"
CUST1424,64,3,229067.40,3,2,3,Regular
CUST2124,88,7,228933.75,2,4,2,"At Risk"
CUST1259,39,3,228895.00,4,2,2,"New / Promising"
CUST1393,186,3,228667.25,1,1,2,Regular
CUST2173,14,5,228062.25,5,3,2,Loyal
CUST2013,54,6,227506.30,3,4,2,Loyal
CUST1926,57,5,227111.65,3,3,2,Loyal
CUST1614,0,6,227062.30,5,4,2,Loyal
CUST2083,43,5,226855.20,4,3,2,Loyal
CUST2750,72,5,226385.15,3,3,2,Loyal
CUST1263,12,9,226279.80,5,5,2,Loyal
CUST2363,199,6,226167.30,1,4,2,"At Risk"
CUST2136,62,4,225713.85,3,2,2,Regular
CUST1744,9,4,224997.15,5,3,2,Loyal
CUST1286,108,3,224786.15,2,1,2,Regular
CUST1695,76,4,224634.85,3,2,2,Regular
CUST1009,75,7,224525.55,3,4,2,Loyal
CUST1566,2,8,224493.05,5,5,2,Loyal
CUST1129,10,7,224025.15,5,5,2,Loyal
CUST1108,14,4,223885.55,5,3,2,Loyal
CUST1564,6,4,223808.15,5,3,2,Loyal
CUST1418,20,4,222871.15,4,3,2,Loyal
CUST2907,166,4,222426.15,1,2,2,Regular
CUST1960,144,5,222275.15,2,3,2,"At Risk"
CUST1678,15,4,222274.55,5,3,2,Loyal
CUST2331,286,2,222054.10,1,1,2,Regular
CUST1377,47,3,221044.10,4,2,2,"New / Promising"
CUST2857,106,6,220586.05,2,4,2,"At Risk"
CUST1880,214,3,220440.05,1,1,2,Regular
CUST1621,24,4,220321.20,4,3,2,Loyal
CUST1891,39,5,220206.15,4,3,2,Loyal
CUST2818,81,7,219846.20,3,4,2,Loyal
CUST1546,234,4,219695.40,1,2,2,Regular
CUST1743,30,5,219580.35,4,3,2,Loyal
CUST2670,55,5,219483.45,3,3,2,Loyal
CUST2626,130,7,219016.90,2,4,2,"At Risk"
CUST2557,173,5,218946.15,1,3,2,"At Risk"
CUST2621,45,4,218913.75,4,2,2,"New / Promising"
CUST2067,16,6,218873.80,5,4,2,Loyal
CUST1559,108,4,218853.20,2,2,2,Regular
CUST1442,180,4,218556.40,1,2,2,Regular
CUST2111,15,6,218269.55,5,4,2,Loyal
CUST2788,16,5,217435.70,5,3,2,Loyal
CUST2232,46,6,217128.90,4,4,2,Loyal
CUST2107,14,6,216968.65,5,4,2,Loyal
CUST2419,146,2,216746.10,2,1,2,Regular
CUST2134,75,5,216577.35,3,3,2,Loyal
CUST2852,105,5,216517.30,2,3,2,"At Risk"
CUST1773,85,5,216440.25,3,3,2,Loyal
CUST1159,296,2,216239.25,1,1,2,Regular
CUST1065,172,4,216237.10,1,2,2,Regular
CUST1360,75,3,216079.80,3,2,2,Regular
CUST1361,54,3,215787.90,3,2,2,Regular
CUST1433,33,7,215013.60,4,5,2,Loyal
CUST1376,50,6,215005.05,4,4,2,Loyal
CUST1881,288,1,214953.00,1,1,2,Regular
CUST2953,24,6,214782.30,4,4,2,Loyal
CUST1523,76,5,214211.25,3,3,2,Loyal
CUST1748,76,7,214186.85,3,4,2,Loyal
CUST1605,84,4,214157.10,3,2,2,Regular
CUST2501,201,2,213829.35,1,1,2,Regular
CUST1767,584,3,213656.95,1,1,2,Regular
CUST2030,36,4,212912.40,4,3,2,Loyal
CUST1167,7,5,211619.10,5,3,2,Loyal
CUST2607,7,5,211589.05,5,3,2,Loyal
CUST2523,62,3,211399.70,3,2,2,Regular
CUST1966,1,5,211130.75,5,4,2,Loyal
CUST1417,21,7,210759.55,4,5,2,Loyal
CUST2109,126,3,210737.30,2,1,2,Regular
CUST1405,76,3,210591.20,3,2,2,Regular
CUST2516,44,2,210498.00,4,1,2,"New / Promising"
CUST2629,488,3,210102.80,1,1,2,Regular
CUST1586,158,4,209908.30,2,2,2,Regular
CUST1490,64,4,209685.40,3,2,2,Regular
CUST2213,236,4,209516.05,1,2,2,Regular
CUST1162,22,5,209441.20,4,3,2,Loyal
CUST1727,117,3,209127.50,2,1,2,Regular
CUST1728,19,5,208980.50,5,3,2,Loyal
CUST2340,41,6,208905.10,4,4,2,Loyal
CUST2898,30,5,208650.15,4,3,2,Loyal
CUST2157,1,5,208627.30,5,4,2,Loyal
CUST2874,115,6,208273.40,2,4,2,"At Risk"
CUST2059,54,3,208147.40,3,2,2,Regular
CUST2150,65,4,207780.20,3,2,2,Regular
CUST2597,75,6,207112.20,3,4,2,Loyal
CUST2993,331,3,206892.20,1,1,2,Regular
CUST1799,52,5,206377.40,3,3,2,Loyal
CUST2882,15,3,206344.05,5,2,2,"New / Promising"
CUST2966,10,4,205741.35,5,3,2,Loyal
CUST2126,35,3,205603.15,4,2,2,"New / Promising"
CUST2727,123,2,205227.40,2,1,2,Regular
CUST2285,401,3,204539.20,1,1,2,Regular
CUST1362,108,3,204139.20,2,1,2,Regular
CUST1701,103,2,204093.00,2,1,2,Regular
CUST1451,108,5,204083.60,2,3,2,"At Risk"
CUST2227,56,3,203163.20,3,2,2,Regular
CUST2628,63,8,202944.70,3,5,2,Loyal
CUST2573,69,4,202500.50,3,2,2,Regular
CUST1850,162,6,202448.70,1,4,2,"At Risk"
CUST2115,27,4,202195.20,4,3,2,Loyal
CUST1549,53,3,202177.25,3,2,2,Regular
CUST1937,57,5,202049.55,3,3,2,Loyal
CUST2642,196,3,201989.65,1,1,2,Regular
CUST1642,69,3,201980.05,3,2,2,Regular
CUST2805,138,4,201483.45,2,2,2,Regular
CUST2902,20,3,200789.15,4,2,2,"New / Promising"
CUST1794,64,4,200731.15,3,2,2,Regular
CUST1253,122,2,200702.05,2,1,2,Regular
CUST2948,156,7,200421.45,2,4,2,"At Risk"
CUST2525,285,3,200155.05,1,1,2,Regular
CUST1191,104,5,199934.90,2,3,2,"At Risk"
CUST2987,2,3,199633.90,5,2,2,"New / Promising"
CUST1330,144,5,199116.40,2,3,2,"At Risk"
CUST1008,192,3,198487.15,1,1,2,Regular
CUST2310,10,4,198424.40,5,3,2,Loyal
CUST2910,20,4,198118.95,5,3,2,Loyal
CUST1440,83,3,197908.05,3,2,2,Regular
CUST2311,53,7,197861.30,3,4,2,Loyal
CUST2481,19,7,197592.90,5,5,2,Loyal
CUST2546,194,4,197506.70,1,2,2,Regular
CUST1983,4,4,196690.40,5,3,2,Loyal
CUST2100,12,5,196650.20,5,3,2,Loyal
CUST2858,22,4,195790.75,4,3,2,Loyal
CUST1839,183,5,194966.40,1,3,2,"At Risk"
CUST1023,93,3,194774.60,2,2,2,Regular
CUST2816,145,2,194639.25,2,1,2,Regular
CUST1139,17,6,194533.05,5,4,2,Loyal
CUST1457,94,8,194176.75,2,5,2,"At Risk"
CUST2313,66,7,193534.40,3,4,2,Loyal
CUST2425,23,3,193259.10,4,2,2,"New / Promising"
CUST2672,153,6,192848.75,2,4,2,"At Risk"
CUST2761,31,5,192715.25,4,3,2,Loyal
CUST2899,234,3,192489.35,1,1,2,Regular
CUST1375,101,3,192338.65,2,2,2,Regular
CUST2726,165,4,191763.70,1,2,2,Regular
CUST2420,273,4,191753.60,1,2,2,Regular
CUST2189,13,5,191707.30,5,3,2,Loyal
CUST2759,68,4,191519.15,3,2,2,Regular
CUST2053,50,4,191193.15,4,2,2,"New / Promising"
CUST2678,159,3,191171.20,2,1,2,Regular
CUST1227,17,4,191020.15,5,3,2,Loyal
CUST2842,16,6,190970.95,5,4,2,Loyal
CUST1396,31,5,190705.40,4,3,2,Loyal
CUST2600,157,3,190254.30,2,1,2,Regular
CUST1207,8,7,190196.55,5,5,2,Loyal
CUST2271,643,2,190046.05,1,1,2,Regular
CUST2387,70,5,189749.40,3,3,2,Loyal
CUST1055,103,5,189292.60,2,3,2,"At Risk"
CUST2810,32,4,189179.15,4,3,2,Loyal
CUST1287,76,5,189147.80,3,3,2,Loyal
CUST2044,55,5,189030.70,3,3,2,Loyal
CUST1251,33,7,188962.55,4,5,2,Loyal
CUST1289,38,8,188529.30,4,5,2,Loyal
CUST1596,68,3,188443.45,3,2,2,Regular
CUST1235,140,3,188432.70,2,1,2,Regular
CUST2753,110,4,188289.95,2,2,2,Regular
CUST2499,255,3,187841.20,1,1,2,Regular
CUST1754,34,5,187807.25,4,3,2,Loyal
CUST2421,12,5,187689.55,5,3,2,Loyal
CUST1164,63,3,187641.25,3,2,2,Regular
CUST1097,148,6,187629.35,2,4,2,"At Risk"
CUST1395,5,3,187503.20,5,2,2,"New / Promising"
CUST2967,196,3,186290.10,1,1,2,Regular
CUST2588,122,9,186060.65,2,5,2,"At Risk"
CUST2078,418,3,186053.90,1,1,2,Regular
CUST1859,116,2,185898.00,2,1,2,Regular
CUST1296,130,5,185884.65,2,3,2,"At Risk"
CUST1699,180,5,185142.15,1,3,2,"At Risk"
CUST1161,84,6,185044.30,3,4,2,Loyal
CUST1410,138,5,184935.35,2,3,2,"At Risk"
CUST1489,155,5,184638.35,2,3,2,"At Risk"
CUST2782,71,5,184543.45,3,3,2,Loyal
CUST1849,7,4,184424.40,5,3,2,Loyal
CUST2578,100,5,184283.20,2,3,2,"At Risk"
CUST1593,139,3,183870.20,2,1,2,Regular
CUST2205,176,4,183436.20,1,2,2,Regular
CUST1828,193,3,183371.40,1,1,2,Regular
CUST1526,1,3,183022.80,5,2,2,"New / Promising"
CUST2318,2,5,182822.05,5,4,2,Loyal
CUST1798,145,5,182812.45,2,3,2,"At Risk"
CUST1770,108,4,182464.10,2,2,2,Regular
CUST1387,7,5,182460.90,5,3,2,Loyal
CUST1603,204,4,182360.30,1,2,2,Regular
CUST2349,99,4,181790.30,2,2,2,Regular
CUST1737,69,5,181626.75,3,3,2,Loyal
CUST2589,40,3,181452.15,4,2,2,"New / Promising"
CUST2875,194,1,180041.85,1,1,2,Regular
CUST2508,146,3,179819.25,2,1,2,Regular
CUST2141,5,10,178956.70,5,5,2,Loyal
CUST1228,54,3,178702.10,3,2,2,Regular
CUST1229,31,6,178627.65,4,4,2,Loyal
CUST1034,391,3,178115.40,1,1,2,Regular
CUST1594,157,2,177342.70,2,1,2,Regular
CUST1401,14,6,177243.00,5,4,2,Loyal
CUST1020,242,4,176596.60,1,2,2,Regular
CUST2256,186,4,176538.25,1,2,2,Regular
CUST2705,110,5,176535.50,2,3,2,"At Risk"
CUST1943,103,5,176329.45,2,3,2,"At Risk"
CUST1344,46,4,176133.35,4,2,2,"New / Promising"
CUST2581,293,3,175771.50,1,1,2,Regular
CUST2958,162,4,175059.80,1,2,2,Regular
CUST2826,1,3,174963.45,5,2,2,"New / Promising"
CUST1749,5,6,174902.60,5,4,2,Loyal
CUST2082,299,2,174761.15,1,1,2,Regular
CUST2049,0,6,174561.45,5,4,2,Loyal
CUST2058,179,4,174486.40,1,2,2,Regular
CUST1266,22,5,173993.25,4,3,2,Loyal
CUST2692,243,2,173733.10,1,1,2,Regular
CUST1060,56,4,173708.45,3,2,2,Regular
CUST1074,0,7,173448.05,5,5,2,Loyal
CUST1170,243,4,173014.20,1,2,2,Regular
CUST2342,46,3,172925.35,4,2,2,"New / Promising"
CUST2156,20,1,172832.70,4,1,2,"New / Promising"
CUST2718,20,3,172562.60,4,2,2,"New / Promising"
CUST1707,22,4,172310.65,4,3,2,Loyal
CUST1840,63,4,172236.20,3,2,2,Regular
CUST2690,574,2,172195.15,1,1,2,Regular
CUST2072,41,4,172143.45,4,2,2,"New / Promising"
CUST2343,98,3,171540.05,2,2,2,Regular
CUST2868,81,6,171361.05,3,4,2,Loyal
CUST2502,48,4,171357.65,4,2,2,"New / Promising"
CUST2649,66,6,171070.50,3,4,2,Loyal
CUST2350,135,3,170754.20,2,1,2,Regular
CUST1488,149,3,170319.10,2,1,2,Regular
CUST2410,26,8,169352.60,4,5,2,Loyal
CUST2570,427,3,168763.20,1,1,2,Regular
CUST1394,92,7,168377.70,2,4,2,"At Risk"
CUST1273,14,4,168361.15,5,3,2,Loyal
CUST2743,258,4,168208.05,1,2,2,Regular
CUST2033,30,3,167773.25,4,2,2,"New / Promising"
CUST2891,78,6,167584.45,3,4,2,Loyal
CUST1204,74,4,167536.10,3,2,2,Regular
CUST2667,38,2,167341.00,4,1,2,"New / Promising"
CUST1671,584,1,167225.70,1,1,2,Regular
CUST2848,292,1,166645.00,1,1,2,Regular
CUST2108,171,3,165788.20,1,1,2,Regular
CUST2840,202,5,165741.15,1,3,2,"At Risk"
CUST2682,449,1,165176.10,1,1,2,Regular
CUST1211,113,5,165038.90,2,3,2,"At Risk"
CUST1738,209,3,164894.30,1,1,2,Regular
CUST1157,154,2,164690.35,2,1,2,Regular
CUST1703,129,4,164688.80,2,2,2,Regular
CUST2646,80,5,164545.80,3,3,2,Loyal
CUST1070,128,6,164138.55,2,4,2,"At Risk"
CUST2651,74,6,163801.90,3,4,2,Loyal
CUST1823,140,6,163219.30,2,4,2,"At Risk"
CUST1909,1,3,162727.05,5,2,2,"New / Promising"
CUST2654,26,5,162634.15,4,3,2,Loyal
CUST2506,335,2,161983.00,1,1,2,Regular
CUST2120,25,3,161391.45,4,2,2,"New / Promising"
CUST2841,2,7,161058.90,5,5,2,Loyal
CUST1010,50,4,161047.30,3,2,2,Regular
CUST2190,76,5,161035.25,3,3,2,Loyal
CUST1679,83,4,160989.25,3,2,2,Regular
CUST2641,67,6,160925.50,3,4,2,Loyal
CUST2988,128,1,160869.15,2,1,2,Regular
CUST2931,224,4,159798.20,1,2,2,Regular
CUST2052,436,2,159313.10,1,1,2,Regular
CUST1178,113,6,159015.40,2,4,2,"At Risk"
CUST1333,107,4,158811.10,2,2,2,Regular
CUST2997,48,5,158596.50,4,3,2,Loyal
CUST1112,8,6,158501.20,5,4,2,Loyal
CUST1747,54,6,157647.70,3,4,2,Loyal
CUST2087,12,4,157418.05,5,3,2,Loyal
CUST1777,648,2,157364.60,1,1,2,Regular
CUST2752,65,6,157344.70,3,4,2,Loyal
CUST1368,61,5,157069.25,3,3,2,Loyal
CUST1177,76,5,156876.55,3,3,2,Loyal
CUST1239,54,5,156646.25,3,3,2,Loyal
CUST2145,80,5,156462.25,3,3,2,Loyal
CUST2005,44,5,156108.80,4,3,2,Loyal
CUST1255,36,4,155986.40,4,3,2,Loyal
CUST1156,112,2,155491.00,2,1,2,Regular
CUST1472,106,3,155330.45,2,1,2,Regular
CUST1419,2,5,154147.70,5,4,2,Loyal
CUST1555,13,2,154096.00,5,1,2,"New / Promising"
CUST2388,251,3,153644.15,1,1,2,Regular
CUST2304,140,5,152788.00,2,3,2,"At Risk"
CUST2612,23,5,152514.25,4,3,2,Loyal
CUST2828,110,7,152424.25,2,4,2,"At Risk"
CUST2893,264,1,152076.00,1,1,2,Regular
CUST1137,49,2,152009.55,4,1,2,"New / Promising"
CUST1194,196,2,151941.60,1,1,2,Regular
CUST1515,61,3,151748.30,3,2,2,Regular
CUST2451,65,5,151710.90,3,3,2,Loyal
CUST1221,24,5,151553.20,4,3,2,Loyal
CUST2438,38,5,150967.55,4,3,2,Loyal
CUST2572,160,4,150711.15,2,2,2,Regular
CUST2095,99,4,150386.60,2,2,2,Regular
CUST1931,3,5,150182.45,5,4,2,Loyal
CUST1175,101,4,150040.25,2,2,2,Regular
CUST2986,25,7,149202.70,4,5,2,Loyal
CUST1438,9,6,149067.75,5,4,2,Loyal
CUST2565,146,2,148992.45,2,1,2,Regular
CUST1831,21,7,148842.30,4,5,2,Loyal
CUST2469,284,6,148833.90,1,4,2,"At Risk"
CUST1067,138,4,148622.25,2,2,2,Regular
CUST1217,27,5,148580.00,4,3,2,Loyal
CUST2791,26,10,148111.05,4,5,2,Loyal
CUST2530,72,3,147603.30,3,2,2,Regular
CUST1309,68,4,147497.55,3,2,2,Regular
CUST1938,573,2,147347.05,1,1,2,Regular
CUST1051,119,6,146947.95,2,4,2,"At Risk"
CUST1691,73,6,146179.25,3,4,2,Loyal
CUST1917,41,5,146123.90,4,3,2,Loyal
CUST2261,27,6,145613.45,4,4,2,Loyal
CUST2687,47,4,145489.95,4,2,2,"New / Promising"
CUST1480,170,2,145164.20,1,1,2,Regular
CUST2295,21,8,144270.00,4,5,2,Loyal
CUST2913,297,3,143670.00,1,1,2,Regular
CUST1532,83,6,143590.35,3,4,2,Loyal
CUST1813,288,2,143494.10,1,1,2,Regular
CUST1021,249,4,143251.00,1,2,2,Regular
CUST2226,160,2,143142.15,2,1,2,Regular
CUST1114,102,3,143092.10,2,2,2,Regular
CUST1622,55,4,141749.10,3,2,2,Regular
CUST2123,226,3,141295.15,1,1,2,Regular
CUST1829,17,4,141154.90,5,3,2,Loyal
CUST2159,23,4,140592.00,4,3,2,Loyal
CUST2666,12,3,140153.10,5,2,2,"New / Promising"
CUST2341,102,5,139939.05,2,3,2,"At Risk"
CUST1689,25,4,139060.40,4,3,2,Loyal
CUST2785,123,5,138855.05,2,3,2,"At Risk"
CUST2881,81,3,137854.25,3,2,2,Regular
CUST2273,389,3,137567.25,1,1,2,Regular
CUST2395,100,2,137350.10,2,1,2,Regular
CUST2562,269,4,136987.40,1,2,2,Regular
CUST1356,4,3,136836.15,5,2,2,"New / Promising"
CUST1778,283,3,135995.10,1,1,2,Regular
CUST1029,203,6,135597.45,1,4,2,"At Risk"
CUST2453,131,5,135558.45,2,3,2,"At Risk"
CUST1026,23,6,135291.35,4,4,2,Loyal
CUST1461,19,4,134846.45,5,3,2,Loyal
CUST2877,49,7,134211.20,4,4,2,Loyal
CUST2211,69,4,134156.05,3,2,2,Regular
CUST2504,5,4,134104.20,5,3,2,Loyal
CUST1274,19,6,133715.50,5,4,2,Loyal
CUST2463,76,6,133596.05,3,4,2,Loyal
CUST2338,44,3,133522.40,4,2,2,"New / Promising"
CUST2827,262,6,133394.65,1,4,2,"At Risk"
CUST2258,118,3,132823.35,2,1,2,Regular
CUST1847,291,3,132823.20,1,1,2,Regular
CUST1984,101,4,132755.25,2,2,2,Regular
CUST2121,78,5,132722.45,3,3,2,Loyal
CUST1421,175,5,132486.10,1,3,2,"At Risk"
CUST1645,78,3,132026.70,3,2,2,Regular
CUST1670,27,6,131982.45,4,4,2,Loyal
CUST1639,178,7,131870.50,1,4,2,"At Risk"
CUST1682,56,2,131695.20,3,1,2,Regular
CUST2756,65,4,131569.40,3,2,2,Regular
CUST1444,130,4,131216.35,2,2,2,Regular
CUST1631,193,3,131128.70,1,1,2,Regular
CUST2139,136,3,131084.50,2,1,2,Regular
CUST1151,72,4,131025.10,3,2,2,Regular
CUST1329,64,2,130843.10,3,1,2,Regular
CUST2625,15,6,130738.30,5,4,2,Loyal
CUST2379,544,1,130624.10,1,1,2,Regular
CUST2321,23,3,130072.15,4,2,2,"New / Promising"
CUST1019,42,4,129980.65,4,2,2,"New / Promising"
CUST1231,106,4,129976.45,2,2,2,Regular
CUST2681,122,3,129896.30,2,1,2,Regular
CUST2942,50,5,129796.25,4,3,2,Loyal
CUST2534,16,5,129646.55,5,3,2,Loyal
CUST2443,172,3,129069.10,1,1,2,Regular
CUST2169,300,1,128943.10,1,1,2,Regular
CUST1830,757,3,127740.40,1,1,2,Regular
CUST1556,44,3,127445.10,4,2,2,"New / Promising"
CUST2745,26,5,127053.20,4,3,2,Loyal
CUST1723,1,7,126700.35,5,5,2,Loyal
CUST2206,149,4,126471.45,2,2,2,Regular
CUST1542,12,5,126292.45,5,3,2,Loyal
CUST1474,484,1,125626.15,1,1,2,Regular
CUST2822,55,7,125550.15,3,4,2,Loyal
CUST1397,167,4,125080.45,1,2,2,Regular
CUST1420,155,2,124546.35,2,1,2,Regular
CUST1636,3,6,124434.40,5,4,2,Loyal
CUST1835,225,4,123992.55,1,2,2,Regular
CUST2535,2,5,123975.85,5,4,2,Loyal
CUST1666,64,2,123546.20,3,1,2,Regular
CUST1916,82,3,123141.40,3,2,2,Regular
CUST2696,37,4,121951.25,4,3,2,Loyal
CUST1635,5,5,121813.35,5,4,2,Loyal
CUST1980,38,4,121810.10,4,2,2,"New / Promising"
CUST1280,43,3,121644.20,4,2,2,"New / Promising"
CUST1459,97,5,121504.70,2,3,2,"At Risk"
CUST2580,193,2,121500.25,1,1,2,Regular
CUST1225,166,3,120683.45,1,1,2,Regular
CUST2685,9,5,120487.20,5,3,2,Loyal
CUST1934,39,3,120290.35,4,2,2,"New / Promising"
CUST1536,229,4,119805.15,1,2,2,Regular
CUST2245,110,4,119536.60,2,2,2,Regular
CUST2855,30,6,119438.20,4,4,2,Loyal
CUST2971,44,4,119391.30,4,2,2,"New / Promising"
CUST1519,69,3,119370.15,3,2,2,Regular
CUST2478,112,4,118808.60,2,2,2,Regular
CUST2777,279,3,118291.00,1,1,2,Regular
CUST2602,63,3,117983.75,3,2,2,Regular
CUST2385,82,3,117860.45,3,2,2,Regular
CUST2399,258,3,117691.35,1,1,2,Regular
CUST2335,54,5,117668.40,3,3,2,Loyal
CUST1081,86,4,117200.25,3,2,1,Regular
CUST2679,73,3,117046.05,3,2,1,Regular
CUST2661,2,5,116885.15,5,4,1,Loyal
CUST2007,46,4,116836.30,4,2,1,"New / Promising"
CUST1504,56,3,116742.10,3,2,1,Regular
CUST1094,200,3,116366.45,1,1,1,Regular
CUST2532,2,4,116191.45,5,3,1,Loyal
CUST2071,57,3,116086.00,3,2,1,Regular
CUST2238,70,4,115466.30,3,2,1,Regular
CUST1579,45,3,115294.05,4,2,1,"New / Promising"
CUST2579,335,4,115192.05,1,2,1,Regular
CUST1353,96,3,115056.90,2,2,1,Regular
CUST1745,106,4,113586.00,2,2,1,Regular
CUST1299,56,4,113008.45,3,2,1,Regular
CUST1042,24,7,112993.10,4,5,1,Loyal
CUST1788,17,2,112957.40,5,1,1,"New / Promising"
CUST1993,126,4,112906.15,2,2,1,Regular
CUST1100,26,7,112764.60,4,5,1,Loyal
CUST2253,42,5,112353.20,4,3,1,Loyal
CUST1826,30,4,112095.80,4,3,1,Loyal
CUST2859,15,7,112064.15,5,5,1,Loyal
CUST2609,164,3,109788.00,1,1,1,Regular
CUST1291,18,2,109094.00,5,1,1,"New / Promising"
CUST1110,461,1,108667.30,1,1,1,Regular
CUST2461,154,3,107981.60,2,1,1,Regular
CUST2901,0,3,107410.15,5,2,1,"New / Promising"
CUST2417,61,5,107005.30,3,3,1,Loyal
CUST2719,3,6,106929.60,5,4,1,Loyal
CUST2789,26,3,106683.00,4,2,1,"New / Promising"
CUST1604,154,5,106524.60,2,3,1,"At Risk"
CUST2177,234,6,106050.05,1,4,1,"At Risk"
CUST2638,54,4,105972.25,3,2,1,Regular
CUST1582,106,3,105906.25,2,1,1,Regular
CUST2160,175,2,105471.05,1,1,1,Regular
CUST2174,95,4,105417.10,2,2,1,Regular
CUST1717,67,3,105409.60,3,2,1,Regular
CUST2739,67,6,105354.10,3,4,1,Loyal
CUST2361,108,2,104998.00,2,1,1,Regular
CUST2223,38,6,104891.70,4,4,1,Loyal
CUST1602,180,5,104774.10,1,3,1,"At Risk"
CUST2035,260,5,102925.80,1,3,1,"At Risk"
CUST2243,72,7,101627.85,3,4,1,Loyal
CUST1661,8,3,101152.50,5,2,1,"New / Promising"
CUST1188,97,4,100812.20,2,2,1,Regular
CUST1171,217,4,100767.15,1,2,1,Regular
CUST1989,42,3,100612.15,4,2,1,"New / Promising"
CUST2676,87,6,100436.10,2,4,1,"At Risk"
CUST1803,86,3,100335.85,3,2,1,Regular
CUST2112,55,5,99405.25,3,3,1,Loyal
CUST2368,80,5,99305.20,3,3,1,Loyal
CUST2524,145,2,99029.25,2,1,1,Regular
CUST1595,296,3,98291.00,1,1,1,Regular
CUST2158,64,3,97696.10,3,2,1,Regular
CUST1914,269,2,97693.10,1,1,1,Regular
CUST2480,146,2,97046.15,2,1,1,Regular
CUST2873,30,4,96786.55,4,3,1,Loyal
CUST2299,114,2,96744.00,2,1,1,Regular
CUST2712,225,2,96586.10,1,1,1,Regular
CUST2798,41,1,95997.00,4,1,1,"New / Promising"
CUST2548,195,2,95141.00,1,1,1,Regular
CUST1104,128,3,94641.00,2,1,1,Regular
CUST1865,71,5,94454.70,3,3,1,Loyal
CUST2224,82,4,94419.50,3,2,1,Regular
CUST1836,31,5,94187.20,4,3,1,Loyal
CUST2929,8,3,94163.30,5,2,1,"New / Promising"
CUST2623,35,5,94021.00,4,3,1,Loyal
CUST2955,265,1,93419.10,1,1,1,Regular
CUST2751,27,5,93288.30,4,3,1,Loyal
CUST2086,165,7,93125.30,1,4,1,"At Risk"
CUST1690,374,2,93120.25,1,1,1,Regular
CUST2938,97,5,92980.80,2,3,1,"At Risk"
CUST1117,287,2,92936.25,1,1,1,Regular
CUST2564,104,3,92793.05,2,1,1,Regular
CUST1256,57,2,92713.30,3,1,1,Regular
CUST1806,4,4,92576.80,5,3,1,Loyal
CUST2823,591,2,91946.25,1,1,1,Regular
CUST1101,161,5,91834.05,1,3,1,"At Risk"
CUST1154,125,3,91593.35,2,1,1,Regular
CUST1244,202,2,91593.20,1,1,1,Regular
CUST2880,128,3,91529.30,2,1,1,Regular
CUST2766,55,7,91299.35,3,4,1,Loyal
CUST2919,3,3,90661.55,5,2,1,"New / Promising"
CUST1073,88,5,90418.90,2,3,1,"At Risk"
CUST1814,65,3,90379.20,3,2,1,Regular
CUST2714,54,4,90256.55,3,2,1,Regular
CUST1416,38,4,90009.40,4,2,1,"New / Promising"
CUST1818,114,3,89702.10,2,1,1,Regular
CUST2561,365,1,89671.20,1,1,1,Regular
CUST2567,153,5,89335.20,2,3,1,"At Risk"
CUST2915,154,5,89157.50,2,3,1,"At Risk"
CUST1422,67,8,89042.80,3,5,1,Loyal
CUST2796,169,5,88019.35,1,3,1,"At Risk"
CUST1116,75,5,87376.05,3,3,1,Loyal
CUST1655,11,3,87096.00,5,2,1,"New / Promising"
CUST1001,37,4,86976.25,4,2,1,"New / Promising"
CUST1369,19,4,86847.05,5,3,1,Loyal
CUST2711,172,2,86806.15,1,1,1,Regular
CUST1958,12,4,86787.00,5,3,1,Loyal
CUST1804,148,3,86564.55,2,1,1,Regular
CUST2429,21,5,86106.40,4,3,1,Loyal
CUST1318,136,4,86081.50,2,2,1,Regular
CUST2533,52,6,85799.05,3,4,1,Loyal
CUST2558,171,3,85746.05,1,1,1,Regular
CUST1434,66,4,85705.00,3,2,1,Regular
CUST2470,94,4,84071.50,2,2,1,Regular
CUST2411,37,4,83973.50,4,3,1,Loyal
CUST1781,258,4,83631.60,1,2,1,Regular
CUST1544,744,1,83447.00,1,1,1,Regular
CUST1650,147,7,83235.05,2,4,1,"At Risk"
CUST1385,108,3,82927.30,2,1,1,Regular
CUST1233,185,2,82537.30,1,1,1,Regular
CUST1787,223,1,82296.00,1,1,1,Regular
CUST2784,20,2,82229.15,4,1,1,"New / Promising"
CUST2230,201,4,81845.55,1,2,1,Regular
CUST2248,243,4,81822.50,1,2,1,Regular
CUST2131,231,3,81734.50,1,1,1,Regular
CUST2460,8,4,81687.10,5,3,1,Loyal
CUST1075,543,4,81287.00,1,2,1,Regular
CUST2081,144,2,81110.10,2,1,1,Regular
CUST1995,594,3,81062.10,1,1,1,Regular
CUST1843,193,3,81024.25,1,1,1,Regular
CUST1884,148,4,80929.25,2,2,1,Regular
CUST2793,158,3,80868.00,2,1,1,Regular
CUST1618,31,3,80828.25,4,2,1,"New / Promising"
CUST1509,16,4,80814.60,5,3,1,Loyal
CUST2231,41,4,80543.15,4,2,1,"New / Promising"
CUST1342,140,3,80368.05,2,1,1,Regular
CUST2207,13,2,80270.15,5,1,1,"New / Promising"
CUST1390,165,2,80173.05,1,1,1,Regular
CUST2143,2,6,79527.05,5,4,1,Loyal
CUST1182,93,6,79486.85,2,4,1,"At Risk"
CUST1763,242,3,78510.20,1,1,1,Regular
CUST1959,113,5,78363.05,2,3,1,"At Risk"
CUST1465,442,1,78351.25,1,1,1,Regular
CUST2917,162,4,78243.55,1,2,1,Regular
CUST2744,8,8,77561.35,5,5,1,Loyal
CUST1800,192,3,77194.25,1,1,1,Regular
CUST2257,41,5,77080.65,4,3,1,Loyal
CUST1219,132,3,77041.45,2,1,1,Regular
CUST1025,243,2,76812.55,1,1,1,Regular
CUST1939,138,4,76711.85,2,2,1,Regular
CUST2843,550,2,76505.60,1,1,1,Regular
CUST1307,39,8,76489.90,4,5,1,Loyal
CUST2397,17,5,76216.10,5,3,1,Loyal
CUST1426,80,1,75661.05,3,1,1,Regular
CUST2652,123,3,75422.55,2,1,1,Regular
CUST2362,134,3,74909.15,2,1,1,Regular
CUST2977,252,4,74457.30,1,2,1,Regular
CUST1272,300,6,74356.50,1,4,1,"At Risk"
CUST1802,297,4,74102.75,1,2,1,Regular
CUST2520,52,1,73996.00,3,1,1,Regular
CUST2356,197,3,73942.25,1,1,1,Regular
CUST1672,12,3,73923.60,5,2,1,"New / Promising"
CUST2799,85,3,73842.00,3,2,1,Regular
CUST2182,274,2,73495.00,1,1,1,Regular
CUST2655,21,2,73432.50,4,1,1,"New / Promising"
CUST2396,294,4,73369.10,1,2,1,Regular
CUST2424,155,3,73118.30,2,1,1,Regular
CUST2837,80,3,72768.25,3,2,1,Regular
CUST2153,15,6,72674.20,5,4,1,Loyal
CUST2497,85,4,72309.00,3,2,1,Regular
CUST1525,96,1,71999.10,2,1,1,Regular
CUST1027,244,4,71891.25,1,2,1,Regular
CUST1036,278,4,71374.60,1,2,1,Regular
CUST2860,102,4,70956.80,2,2,1,Regular
CUST2992,262,1,70527.15,1,1,1,Regular
CUST2608,4,3,70475.05,5,2,1,"New / Promising"
CUST2246,110,3,69491.20,2,1,1,Regular
CUST1870,68,4,69344.80,3,2,1,Regular
CUST2518,8,3,68982.35,5,2,1,"New / Promising"
CUST2000,12,3,68690.40,5,2,1,"New / Promising"
CUST1663,665,1,67832.30,1,1,1,Regular
CUST2263,79,3,67808.10,3,2,1,Regular
CUST1729,227,3,67288.00,1,1,1,Regular
CUST2076,25,4,67250.20,4,3,1,Loyal
CUST1720,144,2,67162.25,2,1,1,Regular
CUST1126,31,5,66818.80,4,3,1,Loyal
CUST1358,714,2,66591.00,1,1,1,Regular
CUST1003,71,3,66395.30,3,2,1,Regular
CUST1345,50,3,65832.30,4,2,1,"New / Promising"
CUST1854,0,1,65444.60,5,1,1,"New / Promising"
CUST1412,61,2,65296.00,3,1,1,Regular
CUST2069,226,3,65189.25,1,1,1,Regular
CUST2055,3,6,65092.35,5,4,1,Loyal
CUST1869,13,3,64832.10,5,2,1,"New / Promising"
CUST1616,56,2,63744.00,3,1,1,Regular
CUST2194,153,6,63595.20,2,4,1,"At Risk"
CUST2001,180,1,63494.00,1,1,1,Regular
CUST1968,103,5,63337.90,2,3,1,"At Risk"
CUST1893,76,5,62384.30,3,3,1,Loyal
CUST1617,197,1,61999.00,1,1,1,Regular
CUST1290,123,4,61609.80,2,2,1,Regular
CUST2017,174,4,60993.05,1,2,1,Regular
CUST1797,306,2,60246.10,1,1,1,Regular
CUST2665,50,3,59646.15,4,2,1,"New / Promising"
CUST1491,84,3,59363.35,3,2,1,Regular
CUST2250,269,2,59260.05,1,1,1,Regular
CUST2872,77,5,58670.55,3,3,1,Loyal
CUST1932,27,2,58439.20,4,1,1,"New / Promising"
CUST2014,45,3,58050.35,4,2,1,"New / Promising"
CUST2925,118,3,57838.00,2,1,1,Regular
CUST1772,45,3,57650.20,4,2,1,"New / Promising"
CUST2529,6,3,57368.00,5,2,1,"New / Promising"
CUST1062,75,3,56629.05,3,2,1,Regular
CUST1978,176,3,56617.25,1,1,1,Regular
CUST1801,648,3,56303.10,1,1,1,Regular
CUST1915,97,4,55920.05,2,2,1,Regular
CUST1312,70,4,55240.20,3,2,1,Regular
CUST1633,15,6,54472.05,5,4,1,Loyal
CUST1573,97,2,54043.05,2,1,1,Regular
CUST1352,51,2,53950.15,3,1,1,Regular
CUST2941,94,8,53937.80,2,5,1,"At Risk"
CUST2918,278,3,53323.00,1,1,1,Regular
CUST1948,290,2,52623.80,1,1,1,Regular
CUST1724,14,4,52321.30,5,3,1,Loyal
CUST2125,190,3,52067.10,1,1,1,Regular
CUST2378,39,3,51940.70,4,2,1,"New / Promising"
CUST1366,62,3,51211.30,3,2,1,Regular
CUST1507,93,2,50944.00,2,1,1,Regular
CUST1571,66,1,50884.30,3,1,1,Regular
CUST1506,1016,1,50293.00,1,1,1,Regular
CUST2144,15,5,50038.40,5,3,1,Loyal
CUST1977,18,4,49957.05,5,3,1,Loyal
CUST2009,168,3,49471.15,1,1,1,Regular
CUST1540,62,4,49074.40,3,2,1,Regular
CUST2442,25,3,48855.15,4,2,1,"New / Promising"
CUST1527,676,2,47875.15,1,1,1,Regular
CUST1640,39,3,47705.15,4,2,1,"New / Promising"
CUST2543,178,4,47365.05,1,2,1,Regular
CUST2316,51,4,47239.25,3,2,1,Regular
CUST2088,53,3,46890.60,3,2,1,Regular
CUST1607,18,4,46848.00,5,3,1,Loyal
CUST1481,54,5,46788.00,3,3,1,Loyal
CUST2089,98,4,46450.15,2,2,1,Regular
CUST2296,7,5,46338.25,5,3,1,Loyal
CUST2824,96,4,46083.10,2,2,1,Regular
CUST1313,34,2,46039.15,4,1,1,"New / Promising"
CUST2346,84,3,44501.15,3,2,1,Regular
CUST2357,649,1,43896.00,1,1,1,Regular
CUST1247,30,6,43808.75,4,4,1,Loyal
CUST1731,220,2,43109.25,1,1,1,Regular
CUST2820,179,3,42953.30,1,1,1,Regular
CUST1907,135,5,42890.20,2,3,1,"At Risk"
CUST1750,203,2,42875.30,1,1,1,Regular
CUST2527,97,3,41417.50,2,2,1,Regular
CUST1160,69,2,40926.60,3,1,1,Regular
CUST1364,167,4,40569.70,1,2,1,Regular
CUST2637,934,2,40544.00,1,1,1,Regular
CUST1842,758,1,39755.05,1,1,1,Regular
CUST2010,267,1,38995.75,1,1,1,Regular
CUST2171,8,4,38330.70,5,3,1,Loyal
CUST1127,123,3,38330.45,2,1,1,Regular
CUST1197,208,2,38247.10,1,1,1,Regular
CUST2197,46,2,37629.10,4,1,1,"New / Promising"
CUST2204,32,7,37525.10,4,5,1,Loyal
CUST1599,124,8,37348.75,2,5,1,"At Risk"
CUST2807,501,2,37088.05,1,1,1,Regular
CUST1860,83,4,36971.60,3,2,1,Regular
CUST1704,4,8,36936.10,5,5,1,Loyal
CUST1779,306,1,36745.00,1,1,1,Regular
CUST1997,186,3,36292.55,1,1,1,Regular
CUST2032,74,2,36046.15,3,1,1,Regular
CUST2148,53,2,36043.00,3,1,1,Regular
CUST2168,200,3,35991.30,1,1,1,Regular
CUST1147,484,1,35915.80,1,1,1,Regular
CUST1122,619,1,35113.00,1,1,1,Regular
CUST1906,113,3,35041.30,2,1,1,Regular
CUST2639,5,6,34726.50,5,4,1,Loyal
CUST1908,135,2,34493.20,2,1,1,Regular
CUST2094,192,3,34407.00,1,1,1,Regular
CUST2795,15,1,33818.10,5,1,1,"New / Promising"
CUST1120,199,3,33195.60,1,1,1,Regular
CUST2289,169,2,32236.65,1,1,1,Regular
CUST1601,154,2,31900.35,2,1,1,Regular
CUST2833,119,3,30891.10,2,1,1,Regular
CUST1447,161,2,30817.10,1,1,1,Regular
CUST1193,191,3,30757.00,1,1,1,Regular
CUST1858,154,4,29987.00,2,2,1,Regular
CUST1863,19,4,29707.15,5,3,1,Loyal
CUST1414,56,4,29680.20,3,2,1,Regular
CUST2132,50,2,29494.00,4,1,1,"New / Promising"
CUST2393,205,4,29455.65,1,2,1,Regular
CUST1972,41,3,29429.25,4,2,1,"New / Promising"
CUST1479,153,2,29392.00,2,1,1,Regular
CUST1495,102,4,29149.45,2,2,1,Regular
CUST2314,65,3,29024.00,3,2,1,Regular
CUST2630,5,4,28979.25,5,3,1,Loyal
CUST1303,6,4,28941.20,5,3,1,Loyal
CUST2036,205,2,28547.00,1,1,1,Regular
CUST2613,223,2,28098.00,1,1,1,Regular
CUST2850,54,1,28039.00,3,1,1,Regular
CUST2175,672,2,28004.05,1,1,1,Regular
CUST2445,56,5,27973.10,3,3,1,Loyal
CUST2319,52,4,27727.15,3,2,1,Regular
CUST1326,27,3,27468.00,4,2,1,"New / Promising"
CUST2408,387,1,27272.05,1,1,1,Regular
CUST2985,6,2,26335.10,5,1,1,"New / Promising"
CUST2381,95,3,25862.90,2,2,1,Regular
CUST1944,3,3,25001.70,5,2,1,"New / Promising"
CUST1315,99,5,24963.40,2,3,1,"At Risk"
CUST2771,147,6,24644.55,2,4,1,"At Risk"
CUST2593,287,2,24594.20,1,1,1,Regular
CUST2922,197,3,23475.70,1,1,1,Regular
CUST1510,172,1,23398.05,1,1,1,Regular
CUST1284,153,3,23396.00,2,1,1,Regular
CUST2279,167,3,23262.20,1,1,1,Regular
CUST1214,78,3,23206.30,3,2,1,Regular
CUST1651,284,3,23103.15,1,1,1,Regular
CUST2770,32,3,23075.00,4,2,1,"New / Promising"
CUST2339,156,3,22834.00,2,1,1,Regular
CUST1004,571,2,22697.00,1,1,1,Regular
CUST2662,185,2,22541.05,1,1,1,Regular
CUST1876,277,2,22496.00,1,1,1,Regular
CUST1455,25,5,22416.20,4,3,1,Loyal
CUST2045,579,2,22398.35,1,1,1,Regular
CUST2755,204,3,22393.20,1,1,1,Regular
CUST1746,2,4,22241.05,5,3,1,Loyal
CUST2737,122,3,22231.30,2,1,1,Regular
CUST2658,66,2,21994.15,3,1,1,Regular
CUST2195,422,3,21690.60,1,1,1,Regular
CUST1856,163,4,21672.10,1,2,1,Regular
CUST1769,42,3,21322.00,4,2,1,"New / Promising"
CUST1608,296,1,21146.00,1,1,1,Regular
CUST1270,989,1,20593.05,1,1,1,Regular
CUST1903,457,2,20497.10,1,1,1,Regular
CUST2956,70,1,20269.05,3,1,1,Regular
CUST2723,239,2,20179.15,1,1,1,Regular
CUST2814,11,1,20145.25,5,1,1,"New / Promising"
CUST1093,233,1,19999.00,1,1,1,Regular
CUST2491,167,3,18705.10,1,1,1,Regular
CUST2260,153,1,18298.00,2,1,1,Regular
CUST1098,279,1,18248.00,1,1,1,Regular
CUST1889,57,3,18185.75,3,2,1,Regular
CUST2605,7,2,17912.10,5,1,1,"New / Promising"
CUST1716,40,2,17845.30,4,1,1,"New / Promising"
CUST1169,613,1,17194.00,1,1,1,Regular
CUST2252,48,2,16846.05,4,1,1,"New / Promising"
CUST2574,22,2,16397.00,4,1,1,"New / Promising"
CUST1408,23,5,15998.15,4,3,1,Loyal
CUST1736,86,1,15652.80,3,1,1,Regular
CUST1925,250,2,15597.00,1,1,1,Regular
CUST1930,83,3,15368.70,3,2,1,Regular
CUST2235,74,4,15111.10,3,2,1,Regular
CUST2861,30,3,15104.05,4,2,1,"New / Promising"
CUST1547,1031,1,14999.00,1,1,1,Regular
CUST2668,2,2,13715.85,5,1,1,"New / Promising"
CUST2876,12,1,13230.40,5,1,1,"New / Promising"
CUST1203,17,5,13093.40,5,3,1,Loyal
CUST2633,110,1,12409.05,2,1,1,Regular
CUST1710,389,2,12394.00,1,1,1,Regular
CUST2467,256,4,12374.00,1,2,1,Regular
CUST1789,250,2,12322.05,1,1,1,Regular
CUST1267,221,1,12287.00,1,1,1,Regular
CUST1780,127,3,12212.10,2,1,1,Regular
CUST2636,193,3,12014.10,1,1,1,Regular
CUST2590,68,2,11744.00,3,1,1,Regular
CUST1894,862,1,11497.00,1,1,1,Regular
CUST1144,47,2,10597.00,4,1,1,"New / Promising"
CUST1453,354,1,10586.05,1,1,1,Regular
CUST1470,450,1,10397.00,1,1,1,Regular
CUST2801,122,3,9972.05,2,1,1,Regular
CUST2708,391,1,9392.00,1,1,1,Regular
CUST1319,238,1,9297.00,1,1,1,Regular
CUST2923,674,1,9257.00,1,1,1,Regular
CUST1040,252,1,9216.00,1,1,1,Regular
CUST1165,21,2,8604.65,4,1,1,"New / Promising"
CUST1533,0,2,8579.00,5,1,1,"New / Promising"
CUST1638,167,2,7951.20,1,1,1,Regular
CUST1612,285,4,7422.75,1,2,1,Regular
CUST1079,166,1,7298.00,1,1,1,Regular
CUST1961,173,1,7296.10,1,1,1,Regular
CUST1245,6,2,7221.15,5,1,1,"New / Promising"
CUST1702,413,1,6997.10,1,1,1,Regular
CUST1141,661,2,6996.00,1,1,1,Regular
CUST2142,115,2,5998.00,2,1,1,Regular
CUST2596,204,2,5493.10,1,1,1,Regular
CUST2027,132,2,5077.15,2,1,1,Regular
CUST2916,489,2,5018.00,1,1,1,Regular
CUST2274,735,1,4998.00,1,1,1,Regular
CUST1796,69,3,4911.20,3,2,1,Regular
CUST2154,14,3,4236.10,5,2,1,"New / Promising"
CUST1306,86,1,3423.05,3,1,1,Regular
CUST2553,24,1,3372.05,4,1,1,"New / Promising"
CUST2412,193,1,3298.00,1,1,1,Regular
CUST2140,237,1,2698.00,1,1,1,Regular
CUST2622,144,1,2598.00,2,1,1,Regular
CUST1574,618,1,2497.00,1,1,1,Regular
CUST2454,99,2,2336.10,2,1,1,Regular
CUST1337,72,2,2295.20,3,1,1,Regular
CUST1016,13,2,2166.10,5,1,1,"New / Promising"
CUST1179,359,1,2159.10,1,1,1,Regular
CUST2376,278,3,1308.15,1,1,1,Regular
CUST2203,6,2,924.15,5,1,1,"New / Promising"
CUST2119,68,1,799.00,3,1,1,Regular
CUST2582,81,1,499.00,3,1,1,Regular
CUST1979,138,2,419.00,2,1,1,Regular
CUST1232,107,1,399.00,2,1,1,Regular
CUST2183,258,1,236.55,1,1,1,Regular
CUST2447,965,1,60.00,1,1,1,Regular
