month,customer_group,customers,orders,revenue
2023-01,New,112,116,6565544.75
2023-02,New,111,115,7784371.85
2023-02,Returning,4,5,58681.15
2023-03,New,104,110,5208072.95
2023-03,Returning,9,9,688858.30
2023-04,New,113,117,8925764.70
2023-04,Returning,32,34,2268616.60
2023-05,New,100,101,7277876.90
2023-05,Returning,27,27,1566291.10
2023-06,New,80,84,5768527.35
2023-06,Returning,43,43,3630393.30
2023-07,New,85,86,5230718.85
2023-07,Returning,39,42,2805422.45
2023-08,New,82,85,5341805.10
2023-08,Returning,39,40,1478609.35
2023-09,New,59,61,3437482.55
2023-09,Returning,52,54,2779396.60
2023-10,New,72,74,6535752.20
2023-10,Returning,57,58,3623338.50
2023-11,New,68,68,3864471.85
2023-11,Returning,53,56,3887647.00
2023-12,New,61,62,4057228.65
2023-12,Returning,51,53,3498911.40
2024-01,New,79,80,6046236.90
2024-01,Returning,116,119,7218404.80
2024-02,New,96,100,8194764.95
2024-02,Returning,131,135,11009717.60
2024-03,New,93,96,6779209.65
2024-03,Returning,121,127,8212183.50
2024-04,New,60,62,4195837.05
2024-04,Returning,127,130,9799446.45
2024-05,New,72,76,3835035.75
2024-05,Returning,131,141,9688016.30
2024-06,New,48,48,3405360.85
2024-06,Returning,127,130,10040664.55
2024-07,New,41,44,3347846.55
2024-07,Returning,148,157,11365014.40
2024-08,New,45,46,3867632.35
2024-08,Returning,128,136,9291498.45
2024-09,New,51,52,3112523.20
2024-09,Returning,166,180,12911885.95
2024-10,New,35,37,3346683.35
2024-10,Returning,179,188,12605142.15
2024-11,New,36,38,2445276.80
2024-11,Returning,164,170,11064239.10
2024-12,New,21,23,1734315.65
2024-12,Returning,176,185,13326895.60
2025-01,New,75,91,7192344.40
2025-01,Returning,461,534,39677642.75
2025-02,New,62,73,5135796.15
2025-02,Returning,415,472,34304980.40
2025-03,New,36,42,3087908.35
2025-03,Returning,447,512,35389016.35
2025-04,New,27,30,2490506.50
2025-04,Returning,489,578,40704166.00
2025-05,New,18,23,739695.55
2025-05,Returning,500,571,38715325.85
2025-06,New,15,16,2760288.80
2025-06,Returning,500,567,39116867.00
2025-07,New,13,14,621252.40
2025-07,Returning,551,646,47397834.50
2025-08,New,11,11,684938.40
2025-08,Returning,519,611,43814474.60
2025-09,New,4,5,244071.15
2025-09,Returning,512,594,43771972.25
2025-10,New,8,10,684838.50
2025-10,Returning,517,600,44402678.95
