month,"Total customer","Retained Customers","Retention %"
2023-01-01,112,0,NULL
2023-02-01,115,4,3.57%
2023-03-01,113,6,5.22%
2023-04-01,145,13,11.50%
2023-05-01,127,16,11.03%
2023-06-01,123,12,9.45%
2023-07-01,124,6,4.88%
2023-08-01,121,6,4.84%
2023-09-01,111,13,10.74%
2023-10-01,129,9,8.11%
2023-11-01,121,5,3.88%
2023-12-01,112,3,2.48%
2024-01-01,195,12,10.71%
2024-02-01,227,14,7.18%
2024-03-01,214,25,11.01%
2024-04-01,187,25,11.68%
2024-05-01,203,19,10.16%
2024-06-01,175,14,6.90%
2024-07-01,189,12,6.86%
2024-08-01,173,11,5.82%
2024-09-01,217,22,12.72%
2024-10-01,214,33,15.21%
2024-11-01,200,15,7.01%
2024-12-01,197,26,13.00%
2025-01-01,536,67,34.01%
2025-02-01,477,124,23.13%
2025-03-01,483,103,21.59%
2025-04-01,516,137,28.36%
2025-05-01,518,134,25.97%
2025-06-01,515,139,26.83%
2025-07-01,564,146,28.35%
2025-08-01,530,163,28.90%
2025-09-01,516,135,25.47%
2025-10-01,525,128,24.81%
