customer_id,last_order_date,total_orders,historical_revenue,inactive_days,"Customer status"
CUST1547,"2023-01-01 01:55:47",1,14999.00,1031,Churned
CUST1506,"2023-01-16 10:32:52",1,50293.00,1016,Churned
CUST1270,"2023-02-12 02:10:52",1,20593.05,989,Churned
CUST2447,"2023-03-08 11:21:34",1,60.00,965,Churned
CUST2637,"2023-04-08 16:55:37",2,40544.00,934,Churned
CUST1894,"2023-06-19 14:15:08",1,11497.00,862,Churned
CUST2022,"2023-07-23 21:11:22",2,408107.00,828,Churned
CUST1842,"2023-10-01 18:21:13",1,39755.05,758,Churned
CUST1830,"2023-10-02 15:39:24",3,127740.40,757,Churned
CUST1544,"2023-10-15 12:34:43",1,83447.00,744,Churned
CUST2274,"2023-10-24 02:07:38",1,4998.00,735,Churned
CUST1358,"2023-11-14 14:13:40",2,66591.00,714,Churned
CUST1527,"2023-12-22 20:52:54",2,47875.15,676,Churned
CUST2923,"2023-12-24 10:18:49",1,9257.00,674,Churned
CUST2175,"2023-12-26 03:53:59",2,28004.05,672,Churned
CUST1663,"2024-01-02 07:09:43",1,67832.30,665,Churned
CUST1141,"2024-01-06 09:08:36",2,6996.00,661,Churned
CUST2357,"2024-01-18 19:09:06",1,43896.00,649,Churned
CUST1777,"2024-01-19 16:23:09",2,157364.60,648,Churned
CUST1801,"2024-01-19 19:09:47",3,56303.10,648,Churned
CUST2271,"2024-01-24 10:02:30",2,190046.05,643,Churned
CUST1122,"2024-02-17 01:55:51",1,35113.00,619,Churned
CUST1574,"2024-02-18 15:55:45",1,2497.00,618,Churned
CUST1169,"2024-02-23 05:28:45",1,17194.00,613,Churned
CUST1995,"2024-03-13 08:23:10",3,81062.10,594,Churned
CUST2823,"2024-03-16 15:32:19",2,91946.25,591,Churned
CUST1671,"2024-03-23 05:35:57",1,167225.70,584,Churned
CUST1767,"2024-03-23 22:18:54",3,213656.95,584,Churned
CUST2045,"2024-03-28 14:37:09",2,22398.35,579,Churned
CUST2690,"2024-04-02 16:35:05",2,172195.15,574,Churned
CUST1938,"2024-04-03 02:33:30",2,147347.05,573,Churned
CUST2783,"2024-04-04 18:40:12",1,260849.25,572,Churned
CUST1004,"2024-04-05 21:14:51",2,22697.00,571,Churned
CUST2843,"2024-04-26 10:01:06",2,76505.60,550,Churned
CUST2379,"2024-05-02 03:05:44",1,130624.10,544,Churned
CUST1075,"2024-05-03 06:58:57",4,81287.00,543,Churned
CUST1089,"2024-05-28 17:28:37",5,232196.60,518,Churned
CUST1956,"2024-06-12 01:53:53",6,464404.00,503,Churned
CUST2978,"2024-06-13 02:22:13",4,787572.00,502,Churned
CUST2807,"2024-06-14 00:20:15",2,37088.05,501,Churned
CUST2916,"2024-06-26 23:21:42",2,5018.00,489,Churned
CUST2629,"2024-06-27 01:38:32",3,210102.80,488,Churned
CUST1147,"2024-07-01 14:28:16",1,35915.80,484,Churned
CUST1474,"2024-07-01 23:23:38",1,125626.15,484,Churned
CUST2127,"2024-07-03 23:23:26",3,405645.45,482,Churned
CUST1063,"2024-07-06 00:44:21",1,450045.05,479,Churned
CUST2471,"2024-07-06 18:25:40",3,373348.20,479,Churned
CUST1110,"2024-07-24 22:28:24",1,108667.30,461,Churned
CUST1903,"2024-07-28 17:44:21",2,20497.10,457,Churned
CUST1470,"2024-08-04 07:34:13",1,10397.00,450,Churned
CUST1577,"2024-08-04 21:02:53",5,242191.15,450,Churned
CUST2682,"2024-08-05 14:43:29",1,165176.10,449,Churned
CUST1619,"2024-08-10 05:46:30",3,315157.15,444,Churned
CUST1465,"2024-08-12 17:11:30",1,78351.25,442,Churned
CUST1379,"2024-08-16 21:17:14",2,325641.70,438,Churned
CUST2052,"2024-08-18 05:30:42",2,159313.10,436,Churned
CUST2570,"2024-08-27 22:53:35",3,168763.20,427,Churned
CUST2195,"2024-09-01 18:37:39",3,21690.60,422,Churned
CUST2078,"2024-09-05 06:35:48",3,186053.90,418,Churned
CUST2201,"2024-09-07 22:31:49",6,620411.40,416,Churned
CUST1702,"2024-09-10 12:36:26",1,6997.10,413,Churned
CUST1328,"2024-09-17 15:02:55",3,334452.45,406,Churned
CUST2285,"2024-09-22 15:17:25",3,204539.20,401,Churned
CUST1034,"2024-10-02 16:29:04",3,178115.40,391,Churned
CUST2708,"2024-10-02 12:38:55",1,9392.00,391,Churned
CUST1710,"2024-10-04 18:01:31",2,12394.00,389,Churned
CUST2273,"2024-10-04 23:29:41",3,137567.25,389,Churned
CUST2408,"2024-10-06 22:13:34",1,27272.05,387,Churned
CUST2422,"2024-10-16 10:40:36",3,249123.20,377,Churned
CUST1690,"2024-10-19 23:51:57",2,93120.25,374,Churned
CUST2561,"2024-10-28 04:43:50",1,89671.20,365,Churned
CUST1179,"2024-11-03 12:03:15",1,2159.10,359,Churned
CUST1453,"2024-11-08 11:10:31",1,10586.05,354,Churned
CUST2423,"2024-11-13 03:35:22",6,730474.25,349,Churned
CUST2836,"2024-11-23 19:12:56",5,354203.85,339,Churned
CUST2063,"2024-11-26 04:21:38",4,368187.20,336,Churned
CUST1531,"2024-11-27 15:53:41",2,400490.30,335,Churned
CUST2506,"2024-11-27 15:24:06",2,161983.00,335,Churned
CUST2579,"2024-11-27 05:55:45",4,115192.05,335,Churned
CUST2993,"2024-12-01 22:18:07",3,206892.20,331,Churned
CUST1348,"2024-12-15 13:20:04",3,436443.10,317,Churned
CUST2663,"2024-12-17 02:07:36",2,269123.30,315,Churned
CUST1779,"2024-12-26 04:44:13",1,36745.00,306,Churned
CUST1797,"2024-12-26 08:43:45",2,60246.10,306,Churned
CUST2184,"2024-12-27 12:14:25",2,288855.15,305,Churned
CUST2161,"2024-12-28 17:11:05",3,528780.50,304,Churned
CUST2236,"2024-12-28 20:42:34",2,335091.30,304,Churned
CUST1272,"2025-01-01 06:23:00",6,74356.50,300,Churned
CUST2169,"2025-01-01 14:21:53",1,128943.10,300,Churned
CUST2082,"2025-01-02 23:20:13",2,174761.15,299,Churned
CUST2336,"2025-01-03 22:54:47",4,402739.35,298,Churned
CUST1802,"2025-01-04 15:48:57",4,74102.75,297,Churned
CUST2096,"2025-01-04 06:13:27",3,246496.90,297,Churned
CUST2913,"2025-01-04 00:20:09",3,143670.00,297,Churned
CUST1159,"2025-01-05 19:32:37",2,216239.25,296,Churned
CUST1595,"2025-01-05 02:21:38",3,98291.00,296,Churned
CUST1608,"2025-01-05 07:52:50",1,21146.00,296,Churned
CUST1148,"2025-01-06 15:15:26",4,433050.60,295,Churned
CUST1199,"2025-01-06 20:55:50",4,231914.20,295,Churned
CUST2396,"2025-01-07 02:45:41",4,73369.10,294,Churned
CUST2581,"2025-01-08 07:37:58",3,175771.50,293,Churned
CUST2848,"2025-01-09 07:55:27",1,166645.00,292,Churned
CUST1847,"2025-01-10 07:31:52",3,132823.20,291,Churned
CUST1948,"2025-01-11 19:57:10",2,52623.80,290,Churned
CUST2949,"2025-01-12 16:27:35",4,331011.30,289,Churned
CUST1813,"2025-01-13 23:20:26",2,143494.10,288,Churned
CUST1881,"2025-01-13 23:44:34",1,214953.00,288,Churned
CUST1117,"2025-01-14 16:30:04",2,92936.25,287,Churned
CUST2593,"2025-01-14 19:09:41",2,24594.20,287,Churned
CUST2331,"2025-01-15 16:00:47",2,222054.10,286,Churned
CUST1612,"2025-01-16 09:59:01",4,7422.75,285,Churned
CUST2525,"2025-01-16 00:07:51",3,200155.05,285,Churned
CUST1651,"2025-01-17 16:44:54",3,23103.15,284,Churned
CUST2469,"2025-01-17 19:17:55",6,148833.90,284,Churned
CUST1778,"2025-01-18 13:19:59",3,135995.10,283,Churned
CUST1591,"2025-01-19 13:39:13",4,1071484.00,282,Churned
CUST1654,"2025-01-19 09:56:12",2,410352.45,282,Churned
CUST2732,"2025-01-19 18:59:36",7,267193.30,282,Churned
CUST1468,"2025-01-20 23:41:15",5,447251.30,281,Churned
CUST1098,"2025-01-22 06:53:07",1,18248.00,279,Churned
CUST1099,"2025-01-22 05:19:36",2,315343.15,279,Churned
CUST2777,"2025-01-22 15:54:11",3,118291.00,279,Churned
CUST1036,"2025-01-23 07:53:03",4,71374.60,278,Churned
CUST2376,"2025-01-23 00:10:57",3,1308.15,278,Churned
CUST2918,"2025-01-23 01:00:37",3,53323.00,278,Churned
CUST1876,"2025-01-24 17:09:41",2,22496.00,277,Churned
CUST2182,"2025-01-27 18:24:57",2,73495.00,274,Churned
CUST1578,"2025-01-28 18:18:30",8,655150.20,273,Churned
CUST2420,"2025-01-28 09:43:13",4,191753.60,273,Churned
CUST1183,"2025-02-01 02:04:35",5,1015239.15,269,Churned
CUST1914,"2025-02-01 12:20:38",2,97693.10,269,Churned
CUST2250,"2025-02-01 19:53:07",2,59260.05,269,Churned
CUST2562,"2025-02-01 12:06:14",4,136987.40,269,Churned
CUST2710,"2025-02-02 13:15:50",2,370487.85,268,Churned
CUST2010,"2025-02-03 17:55:10",1,38995.75,267,Churned
CUST2998,"2025-02-03 06:35:02",2,321870.30,267,Churned
CUST1128,"2025-02-04 05:23:50",5,285284.05,266,Churned
CUST2955,"2025-02-05 19:58:32",1,93419.10,265,Churned
CUST2893,"2025-02-06 14:42:29",1,152076.00,264,Churned
CUST2402,"2025-02-07 11:46:02",3,541278.50,263,Churned
CUST2827,"2025-02-08 00:01:13",6,133394.65,262,Churned
CUST2865,"2025-02-08 03:20:30",3,343605.80,262,Churned
CUST2992,"2025-02-08 15:15:02",1,70527.15,262,Churned
CUST2896,"2025-02-09 16:05:36",5,373229.25,261,Churned
CUST2035,"2025-02-10 12:01:54",5,102925.80,260,Churned
CUST1781,"2025-02-12 13:56:28",4,83631.60,258,Churned
CUST2183,"2025-02-12 07:45:51",1,236.55,258,Churned
CUST2399,"2025-02-12 07:01:26",3,117691.35,258,Churned
CUST2743,"2025-02-12 11:26:49",4,168208.05,258,Churned
CUST1494,"2025-02-14 04:31:15",5,403587.10,256,Churned
CUST2467,"2025-02-14 15:33:00",4,12374.00,256,Churned
CUST2499,"2025-02-15 08:20:58",3,187841.20,255,Churned
CUST1040,"2025-02-18 17:27:33",1,9216.00,252,Churned
CUST2977,"2025-02-18 21:58:28",4,74457.30,252,Churned
CUST1226,"2025-02-19 15:15:13",5,390433.65,251,Churned
CUST2388,"2025-02-19 03:03:01",3,153644.15,251,Churned
CUST1789,"2025-02-20 15:24:11",2,12322.05,250,Churned
CUST1925,"2025-02-20 18:32:28",2,15597.00,250,Churned
CUST2485,"2025-02-20 19:28:47",4,232303.00,250,Churned
CUST1021,"2025-02-21 11:43:23",4,143251.00,249,Churned
CUST2465,"2025-02-21 14:15:11",4,263174.00,249,Churned
CUST1069,"2025-02-22 22:42:07",2,367589.15,248,Churned
CUST1584,"2025-02-23 06:22:26",2,400990.20,247,Churned
CUST2329,"2025-02-23 21:07:32",2,317860.20,247,Churned
CUST2965,"2025-02-23 15:08:39",4,280304.65,247,Churned
CUST2464,"2025-02-24 16:07:36",3,277079.25,246,Churned
CUST1027,"2025-02-26 08:03:14",4,71891.25,244,Churned
CUST1025,"2025-02-27 08:36:52",2,76812.55,243,Churned
CUST1071,"2025-02-27 17:14:37",5,506830.25,243,Churned
CUST1170,"2025-02-27 02:41:40",4,173014.20,243,Churned
CUST2248,"2025-02-27 07:01:48",4,81822.50,243,Churned
CUST2692,"2025-02-27 01:45:39",2,173733.10,243,Churned
CUST1020,"2025-02-28 11:10:51",4,176596.60,242,Churned
CUST1763,"2025-02-28 03:04:41",3,78510.20,242,Churned
CUST2551,"2025-02-28 01:58:07",6,683642.35,242,Churned
CUST2933,"2025-02-28 12:02:47",2,313346.15,242,Churned
CUST1186,"2025-03-01 06:55:40",3,1044724.15,241,Churned
CUST2723,"2025-03-03 14:40:33",2,20179.15,239,Churned
CUST1319,"2025-03-04 09:59:18",1,9297.00,238,Churned
CUST1923,"2025-03-04 07:31:53",1,258245.05,238,Churned
CUST2140,"2025-03-05 03:46:07",1,2698.00,237,Churned
CUST2713,"2025-03-05 13:33:26",2,362776.15,237,Churned
CUST1609,"2025-03-06 01:11:19",2,381159.15,236,Churned
CUST2213,"2025-03-06 04:52:06",4,209516.05,236,Churned
CUST1546,"2025-03-08 17:02:45",4,219695.40,234,Churned
CUST1776,"2025-03-08 16:59:00",2,261590.00,234,Churned
CUST2177,"2025-03-08 07:54:59",6,106050.05,234,Churned
CUST2899,"2025-03-08 16:12:45",3,192489.35,234,Churned
CUST1093,"2025-03-09 17:04:35",1,19999.00,233,Churned
CUST1838,"2025-03-10 20:22:02",6,366314.50,232,Churned
CUST2348,"2025-03-10 13:48:10",3,305480.00,232,Churned
CUST2131,"2025-03-11 20:21:00",3,81734.50,231,Churned
CUST2046,"2025-03-12 07:52:11",5,655190.65,230,Churned
CUST1522,"2025-03-13 20:08:23",7,691524.90,229,Churned
CUST1536,"2025-03-13 11:59:43",4,119805.15,229,Churned
CUST1648,"2025-03-13 10:20:19",3,230503.25,229,Churned
CUST2945,"2025-03-13 20:06:46",2,353330.20,229,Churned
CUST1121,"2025-03-15 05:16:30",5,733083.60,227,Churned
CUST1441,"2025-03-15 21:18:21",3,585574.00,227,Churned
CUST1729,"2025-03-15 14:46:27",3,67288.00,227,Churned
CUST2884,"2025-03-15 12:26:57",3,377399.10,227,Churned
CUST1757,"2025-03-16 03:21:34",5,272126.40,226,Churned
CUST2069,"2025-03-16 19:34:30",3,65189.25,226,Churned
CUST2123,"2025-03-16 02:38:23",3,141295.15,226,Churned
CUST1835,"2025-03-17 23:17:30",4,123992.55,225,Churned
CUST2712,"2025-03-17 09:00:30",2,96586.10,225,Churned
CUST2931,"2025-03-18 06:57:58",4,159798.20,224,Churned
CUST1077,"2025-03-19 19:20:16",3,261943.20,223,Churned
CUST1787,"2025-03-19 21:27:45",1,82296.00,223,Churned
CUST2613,"2025-03-19 00:45:51",2,28098.00,223,Churned
CUST1726,"2025-03-20 16:36:47",4,898413.85,222,Churned
CUST1267,"2025-03-21 02:26:04",1,12287.00,221,Churned
CUST2309,"2025-03-21 00:56:27",3,248845.00,221,Churned
CUST2370,"2025-03-21 06:03:59",4,636844.00,221,Churned
CUST1731,"2025-03-22 18:15:56",2,43109.25,220,Churned
CUST1037,"2025-03-23 17:25:46",7,683016.25,219,Churned
CUST1643,"2025-03-23 19:42:47",5,607656.65,219,Churned
CUST2952,"2025-03-24 17:38:12",4,230698.15,218,Churned
CUST1171,"2025-03-25 15:47:05",4,100767.15,217,Churned
CUST2571,"2025-03-25 10:39:01",4,573669.35,217,Churned
CUST2577,"2025-03-25 01:48:06",8,736807.20,217,Churned
CUST1752,"2025-03-26 16:27:05",4,298760.60,216,Churned
CUST1880,"2025-03-28 15:58:11",3,220440.05,214,Churned
CUST2455,"2025-03-28 16:07:02",5,268511.20,214,Churned
CUST1738,"2025-04-02 01:33:03",3,164894.30,209,Churned
CUST1197,"2025-04-03 07:05:15",2,38247.10,208,Churned
CUST1714,"2025-04-03 03:04:36",6,990263.70,208,Churned
CUST2468,"2025-04-03 21:56:09",4,1114415.20,208,Churned
CUST1791,"2025-04-04 00:59:34",5,576640.40,207,Churned
CUST2768,"2025-04-04 09:12:36",4,883206.20,207,Churned
CUST2996,"2025-04-04 09:47:37",4,280227.65,207,Churned
CUST2683,"2025-04-05 09:09:42",6,914661.40,206,Churned
CUST2831,"2025-04-05 16:36:28",3,281843.00,206,Churned
CUST1201,"2025-04-06 09:10:58",6,1046344.60,205,Churned
CUST2036,"2025-04-06 03:59:07",2,28547.00,205,Churned
CUST2393,"2025-04-06 17:53:15",4,29455.65,205,Churned
CUST2409,"2025-04-06 16:52:32",8,273525.15,205,Churned
CUST1439,"2025-04-07 18:54:04",5,432260.65,204,Churned
CUST1603,"2025-04-07 03:21:51",4,182360.30,204,Churned
CUST2596,"2025-04-07 06:01:49",2,5493.10,204,Churned
CUST2755,"2025-04-07 13:39:41",3,22393.20,204,Churned
CUST1029,"2025-04-08 16:08:26",6,135597.45,203,Churned
CUST1750,"2025-04-08 00:48:22",2,42875.30,203,Churned
CUST1244,"2025-04-09 16:10:40",2,91593.20,202,Churned
CUST2772,"2025-04-09 17:34:57",5,427475.55,202,Churned
CUST2840,"2025-04-09 01:15:49",5,165741.15,202,Churned
CUST2862,"2025-04-09 17:52:02",4,238920.40,202,Churned
CUST1816,"2025-04-10 19:18:02",3,245826.35,201,Churned
CUST1853,"2025-04-10 07:01:43",6,586844.55,201,Churned
CUST2230,"2025-04-10 12:34:11",4,81845.55,201,Churned
CUST2501,"2025-04-10 15:27:27",2,213829.35,201,Churned
CUST1094,"2025-04-11 19:34:37",3,116366.45,200,Churned
CUST2168,"2025-04-11 19:25:24",3,35991.30,200,Churned
CUST1120,"2025-04-12 01:49:11",3,33195.60,199,Churned
CUST2363,"2025-04-12 02:09:20",6,226167.30,199,Churned
CUST1928,"2025-04-13 11:56:29",6,444191.80,198,Churned
CUST2065,"2025-04-13 12:46:00",3,302609.55,198,Churned
CUST1308,"2025-04-14 02:57:50",5,257740.60,197,Churned
CUST1617,"2025-04-14 12:07:38",1,61999.00,197,Churned
CUST2006,"2025-04-14 13:03:10",5,389044.95,197,Churned
CUST2356,"2025-04-14 15:42:47",3,73942.25,197,Churned
CUST2922,"2025-04-14 18:47:38",3,23475.70,197,Churned
CUST1194,"2025-04-15 10:39:43",2,151941.60,196,Churned
CUST1991,"2025-04-15 00:49:09",5,580982.65,196,Churned
CUST2040,"2025-04-15 13:21:11",5,414977.60,196,Churned
CUST2642,"2025-04-15 13:35:46",3,201989.65,196,Churned
CUST2871,"2025-04-15 20:24:20",5,339356.65,196,Churned
CUST2967,"2025-04-15 20:08:35",3,186290.10,196,Churned
CUST2548,"2025-04-16 14:03:03",2,95141.00,195,Churned
CUST1423,"2025-04-17 10:10:29",6,681591.85,194,Churned
CUST1660,"2025-04-17 16:40:17",4,284821.70,194,Churned
CUST2546,"2025-04-17 05:04:54",4,197506.70,194,Churned
CUST2875,"2025-04-17 08:55:40",1,180041.85,194,Churned
CUST1015,"2025-04-18 14:45:02",6,385538.75,193,Churned
CUST1631,"2025-04-18 09:36:28",3,131128.70,193,Churned
CUST1828,"2025-04-18 13:24:02",3,183371.40,193,Churned
CUST1843,"2025-04-18 03:18:20",3,81024.25,193,Churned
CUST2412,"2025-04-18 11:35:53",1,3298.00,193,Churned
CUST2439,"2025-04-18 19:45:31",3,258006.25,193,Churned
CUST2446,"2025-04-18 11:30:58",8,1089933.60,193,Churned
CUST2580,"2025-04-18 08:06:14",2,121500.25,193,Churned
CUST2636,"2025-04-18 00:04:55",3,12014.10,193,Churned
CUST1008,"2025-04-19 14:33:45",3,198487.15,192,Churned
CUST1254,"2025-04-19 21:42:22",5,772294.00,192,Churned
CUST1800,"2025-04-19 18:16:40",3,77194.25,192,Churned
CUST2074,"2025-04-19 10:31:32",5,278806.55,192,Churned
CUST2094,"2025-04-19 12:51:20",3,34407.00,192,Churned
CUST2888,"2025-04-19 19:00:55",7,243924.25,192,Churned
CUST1193,"2025-04-20 12:19:46",3,30757.00,191,Churned
CUST1236,"2025-04-20 19:46:43",3,463495.40,191,Churned
CUST2057,"2025-04-20 09:00:24",3,297374.15,191,Churned
CUST2125,"2025-04-21 11:07:43",3,52067.10,190,Churned
CUST2118,"2025-04-22 01:16:34",4,245487.15,189,Churned
CUST1032,"2025-04-23 08:54:24",6,306131.70,188,Churned
CUST1115,"2025-04-24 05:43:23",3,544953.00,187,Churned
CUST2895,"2025-04-24 17:18:32",8,1049822.45,187,Churned
CUST1393,"2025-04-25 05:31:35",3,228667.25,186,Churned
CUST1539,"2025-04-25 09:09:09",4,378189.05,186,Churned
CUST1597,"2025-04-25 11:19:01",4,371539.10,186,Churned
CUST1708,"2025-04-25 21:01:05",7,266501.15,186,Churned
CUST1997,"2025-04-25 18:16:00",3,36292.55,186,Churned
CUST2075,"2025-04-25 00:18:40",4,941182.45,186,Churned
CUST2256,"2025-04-25 05:12:02",4,176538.25,186,Churned
CUST1233,"2025-04-26 18:00:10",2,82537.30,185,Churned
CUST1304,"2025-04-26 09:43:40",4,427190.00,185,Churned
CUST1875,"2025-04-26 06:15:40",7,1330099.80,185,Churned
CUST2510,"2025-04-26 10:51:15",4,934453.75,185,Churned
CUST2662,"2025-04-26 17:00:14",2,22541.05,185,Churned
CUST1697,"2025-04-28 13:56:40",5,552834.05,183,Churned
CUST1839,"2025-04-28 01:27:43",5,194966.40,183,Churned
CUST2742,"2025-04-28 23:41:10",2,256086.00,183,Churned
CUST2803,"2025-04-28 21:11:45",7,561476.35,183,Churned
CUST1288,"2025-05-01 14:59:00",5,272685.20,180,Churned
CUST1442,"2025-05-01 15:51:15",4,218556.40,180,Churned
CUST1602,"2025-05-01 07:45:33",5,104774.10,180,Churned
CUST1699,"2025-05-01 19:01:36",5,185142.15,180,Churned
CUST2001,"2025-05-01 01:04:00",1,63494.00,180,Churned
CUST1241,"2025-05-02 11:35:30",3,1076579.35,179,Churned
CUST2058,"2025-05-02 14:02:37",4,174486.40,179,Churned
CUST2103,"2025-05-02 02:36:15",8,307313.55,179,Churned
CUST2820,"2025-05-02 08:20:25",3,42953.30,179,Churned
CUST1150,"2025-05-03 15:04:37",2,289334.30,178,Churned
CUST1639,"2025-05-03 06:59:11",7,131870.50,178,Churned
CUST2543,"2025-05-03 09:22:00",4,47365.05,178,Churned
CUST2664,"2025-05-03 10:47:02",6,564857.25,178,Churned
CUST2738,"2025-05-03 10:20:13",4,237072.35,178,Churned
CUST1606,"2025-05-04 13:37:49",5,613072.35,177,Churned
CUST1807,"2025-05-04 20:59:47",5,276123.05,177,Churned
CUST2975,"2025-05-04 19:35:35",6,248210.95,177,Churned
CUST1404,"2025-05-05 13:59:28",5,442489.45,176,Churned
CUST1978,"2025-05-05 18:44:35",3,56617.25,176,Churned
CUST2205,"2025-05-05 22:36:15",4,183436.20,176,Churned
CUST2212,"2025-05-05 13:14:14",5,263354.50,176,Churned
CUST2494,"2025-05-05 18:10:29",4,369000.80,176,Churned
CUST1215,"2025-05-06 19:56:51",3,377154.20,175,Churned
CUST1421,"2025-05-06 17:53:23",5,132486.10,175,Churned
CUST1730,"2025-05-06 12:22:53",5,799699.95,175,Churned
CUST1933,"2025-05-06 19:28:15",3,296381.30,175,Churned
CUST2160,"2025-05-06 15:01:46",2,105471.05,175,Churned
CUST2632,"2025-05-06 04:53:12",5,250223.65,175,Churned
CUST2017,"2025-05-07 03:51:07",4,60993.05,174,Churned
CUST1742,"2025-05-08 15:52:55",5,450185.15,173,Churned
CUST1961,"2025-05-08 10:47:09",1,7296.10,173,Churned
CUST2557,"2025-05-08 11:47:26",5,218946.15,173,Churned
CUST1065,"2025-05-09 04:49:24",4,216237.10,172,Churned
CUST1510,"2025-05-09 20:31:38",1,23398.05,172,Churned
CUST2019,"2025-05-09 18:26:04",6,1068491.50,172,Churned
CUST2320,"2025-05-09 22:24:52",4,325386.50,172,Churned
CUST2443,"2025-05-09 01:05:39",3,129069.10,172,Churned
CUST2659,"2025-05-09 07:19:38",3,452898.40,172,Churned
CUST2711,"2025-05-09 10:19:34",2,86806.15,172,Churned
CUST1649,"2025-05-10 19:41:01",7,1006461.55,171,Churned
CUST2108,"2025-05-10 08:10:05",3,165788.20,171,Churned
CUST2558,"2025-05-10 18:10:33",3,85746.05,171,Churned
CUST1480,"2025-05-11 16:24:29",2,145164.20,170,Churned
CUST2037,"2025-05-11 04:47:44",3,236140.25,170,Churned
CUST2450,"2025-05-11 04:38:34",3,426491.10,170,Churned
CUST2289,"2025-05-12 23:58:15",2,32236.65,169,Churned
CUST2796,"2025-05-12 22:20:52",5,88019.35,169,Churned
CUST2009,"2025-05-13 03:50:06",3,49471.15,168,Churned
CUST2780,"2025-05-13 16:27:25",4,336915.75,168,Churned
CUST1364,"2025-05-14 22:04:10",4,40569.70,167,Churned
CUST1397,"2025-05-14 00:35:05",4,125080.45,167,Churned
CUST1551,"2025-05-14 22:29:03",3,235547.60,167,Churned
CUST1592,"2025-05-14 01:54:32",3,274815.90,167,Churned
CUST1638,"2025-05-14 01:26:53",2,7951.20,167,Churned
CUST1872,"2025-05-14 05:40:26",6,822838.35,167,Churned
CUST2279,"2025-05-14 22:29:38",3,23262.20,167,Churned
CUST2491,"2025-05-14 04:29:40",3,18705.10,167,Churned
CUST1079,"2025-05-15 10:11:41",1,7298.00,166,Churned
CUST1225,"2025-05-15 22:39:23",3,120683.45,166,Churned
CUST1719,"2025-05-15 06:34:28",6,495345.50,166,Churned
CUST2829,"2025-05-15 00:48:34",2,752196.25,166,Churned
CUST2907,"2025-05-15 17:53:09",4,222426.15,166,Churned
CUST1002,"2025-05-16 06:52:22",7,506842.70,165,Churned
CUST1354,"2025-05-16 00:57:43",4,280253.35,165,Churned
CUST1390,"2025-05-16 11:17:17",2,80173.05,165,Churned
CUST1886,"2025-05-16 13:05:20",3,395673.40,165,Churned
CUST2086,"2025-05-16 21:23:29",7,93125.30,165,Churned
CUST2726,"2025-05-16 17:59:58",4,191763.70,165,Churned
CUST1050,"2025-05-17 11:55:02",5,401907.00,164,Churned
CUST1392,"2025-05-17 17:51:09",4,361893.25,164,Churned
CUST1692,"2025-05-17 21:54:32",4,744404.20,164,Churned
CUST2152,"2025-05-17 12:51:50",6,363382.55,164,Churned
CUST2509,"2025-05-17 14:10:38",7,727375.10,164,Churned
CUST2609,"2025-05-17 13:57:16",3,109788.00,164,Churned
CUST2691,"2025-05-17 08:40:15",6,415196.35,164,Churned
CUST2960,"2025-05-17 07:53:44",4,674288.30,164,Churned
CUST1391,"2025-05-18 03:48:51",3,356655.45,163,Churned
CUST1856,"2025-05-18 19:58:38",4,21672.10,163,Churned
CUST1087,"2025-05-19 22:56:31",3,390091.00,162,Churned
CUST1446,"2025-05-19 01:04:55",7,627592.65,162,Churned
CUST1850,"2025-05-19 22:49:11",6,202448.70,162,Churned
CUST2614,"2025-05-19 19:24:03",4,400635.25,162,Churned
CUST2844,"2025-05-19 01:53:51",6,384911.90,162,Churned
CUST2917,"2025-05-19 17:31:39",4,78243.55,162,Churned
CUST2958,"2025-05-19 03:54:53",4,175059.80,162,Churned
CUST1101,"2025-05-20 13:17:42",5,91834.05,161,Churned
CUST1447,"2025-05-20 02:10:01",2,30817.10,161,Churned
CUST2292,"2025-05-20 16:51:07",5,810345.25,161,Churned
CUST2879,"2025-05-20 21:10:17",2,266492.20,161,Churned
CUST1044,"2025-05-21 10:29:52",4,317284.05,160,Churned
CUST1669,"2025-05-21 18:27:45",4,240551.55,160,Churned
CUST1732,"2025-05-21 03:28:35",7,573422.10,160,Churned
CUST1965,"2025-05-21 00:02:53",5,594480.40,160,Churned
CUST2018,"2025-05-21 01:18:17",4,303523.10,160,Churned
CUST2162,"2025-05-21 23:54:24",6,577451.15,160,Churned
CUST2226,"2025-05-21 01:45:45",2,143142.15,160,Churned
CUST2572,"2025-05-21 20:58:35",4,150711.15,160,Churned
CUST2678,"2025-05-22 07:42:03",3,191171.20,159,Churned
CUST1349,"2025-05-23 03:14:41",3,319784.10,158,Churned
CUST1586,"2025-05-23 12:37:13",4,209908.30,158,Churned
CUST2793,"2025-05-23 18:14:45",3,80868.00,158,Churned
CUST1078,"2025-05-24 08:45:12",5,264723.80,157,Churned
CUST1292,"2025-05-24 13:05:38",5,372617.85,157,Churned
CUST1558,"2025-05-24 19:58:48",8,250171.60,157,Churned
CUST1594,"2025-05-24 13:58:02",2,177342.70,157,Churned
CUST2193,"2025-05-24 14:15:06",5,231985.85,157,Churned
CUST2214,"2025-05-24 13:11:33",5,495174.25,157,Churned
CUST2600,"2025-05-24 17:41:09",3,190254.30,157,Churned
CUST2797,"2025-05-24 21:22:56",4,310527.10,157,Churned
CUST2951,"2025-05-24 21:09:28",5,313194.15,157,Churned
CUST1198,"2025-05-25 08:03:44",4,265653.05,156,Churned
CUST1868,"2025-05-25 01:38:22",8,239310.10,156,Churned
CUST2339,"2025-05-25 09:15:28",3,22834.00,156,Churned
CUST2736,"2025-05-25 00:08:26",2,326604.35,156,Churned
CUST2948,"2025-05-25 23:12:15",7,200421.45,156,Churned
CUST1363,"2025-05-26 09:27:19",7,417593.10,155,Churned
CUST1420,"2025-05-26 04:20:34",2,124546.35,155,Churned
CUST1489,"2025-05-26 15:49:41",5,184638.35,155,Churned
CUST1520,"2025-05-26 18:17:55",4,267325.45,155,Churned
CUST1623,"2025-05-26 06:03:29",2,242355.20,155,Churned
CUST2424,"2025-05-26 13:09:06",3,73118.30,155,Churned
CUST2603,"2025-05-26 18:26:15",5,714706.30,155,Churned
CUST1157,"2025-05-27 03:06:55",2,164690.35,154,Churned
CUST1449,"2025-05-27 22:56:03",4,377073.20,154,Churned
CUST1601,"2025-05-27 19:11:43",2,31900.35,154,Churned
CUST1604,"2025-05-27 22:54:29",5,106524.60,154,Churned
CUST1858,"2025-05-27 07:44:18",4,29987.00,154,Churned
CUST2461,"2025-05-27 18:36:57",3,107981.60,154,Churned
CUST2915,"2025-05-27 17:02:14",5,89157.50,154,Churned
CUST1284,"2025-05-28 04:06:28",3,23396.00,153,Churned
CUST1321,"2025-05-28 20:26:27",4,571612.50,153,Churned
CUST1479,"2025-05-28 19:38:53",2,29392.00,153,Churned
CUST2194,"2025-05-28 22:04:48",6,63595.20,153,Churned
CUST2260,"2025-05-28 20:09:26",1,18298.00,153,Churned
CUST2567,"2025-05-28 09:34:35",5,89335.20,153,Churned
CUST2672,"2025-05-28 19:08:05",6,192848.75,153,Churned
CUST1488,"2025-06-01 15:55:39",3,170319.10,149,Churned
CUST2206,"2025-06-01 18:25:16",4,126471.45,149,Churned
CUST1097,"2025-06-02 11:37:20",6,187629.35,148,Churned
CUST1557,"2025-06-02 09:34:12",1,690694.00,148,Churned
CUST1804,"2025-06-02 20:48:01",3,86564.55,148,Churned
CUST1884,"2025-06-02 21:19:38",4,80929.25,148,Churned
CUST2066,"2025-06-02 04:49:38",5,524833.05,148,Churned
CUST2306,"2025-06-02 15:04:17",5,582331.10,148,Churned
CUST2474,"2025-06-02 11:09:41",8,453346.20,148,Churned
CUST1650,"2025-06-03 14:43:25",7,83235.05,147,Churned
CUST1674,"2025-06-03 09:25:38",8,599144.05,147,Churned
CUST2771,"2025-06-03 22:24:33",6,24644.55,147,Churned
CUST2419,"2025-06-04 05:04:37",2,216746.10,146,Churned
CUST2480,"2025-06-04 08:33:31",2,97046.15,146,Churned
CUST2508,"2025-06-04 07:29:07",3,179819.25,146,Churned
CUST2565,"2025-06-04 04:02:31",2,148992.45,146,Churned
CUST2627,"2025-06-04 10:38:55",7,463134.05,146,Churned
CUST2946,"2025-06-04 08:12:29",3,348723.85,146,Churned
CUST1798,"2025-06-05 18:52:19",5,182812.45,145,Churned
CUST2524,"2025-06-05 01:58:00",2,99029.25,145,Churned
CUST2816,"2025-06-05 05:37:38",2,194639.25,145,Churned
CUST1330,"2025-06-06 16:01:01",5,199116.40,144,Churned
CUST1675,"2025-06-06 16:57:18",8,486330.60,144,Churned
CUST1720,"2025-06-06 01:53:11",2,67162.25,144,Churned
CUST1960,"2025-06-06 05:28:43",5,222275.15,144,Churned
CUST2081,"2025-06-06 21:12:59",2,81110.10,144,Churned
CUST2622,"2025-06-06 03:22:17",1,2598.00,144,Churned
CUST2233,"2025-06-07 10:41:26",5,310677.80,143,Churned
CUST2699,"2025-06-07 21:51:03",3,357856.35,143,Churned
CUST2787,"2025-06-08 18:02:57",9,1205432.30,142,Churned
CUST1119,"2025-06-09 18:26:26",5,423650.20,141,Churned
CUST1940,"2025-06-09 15:21:46",3,501072.95,141,Churned
CUST2957,"2025-06-09 06:39:44",9,1044376.35,141,Churned
CUST1235,"2025-06-10 20:18:53",3,188432.70,140,Churned
CUST1342,"2025-06-10 06:11:34",3,80368.05,140,Churned
CUST1378,"2025-06-10 15:11:40",7,377100.85,140,Churned
CUST1456,"2025-06-10 16:33:38",7,246139.30,140,Churned
CUST1768,"2025-06-10 20:46:09",4,336729.45,140,Churned
CUST1823,"2025-06-10 17:11:32",6,163219.30,140,Churned
CUST1878,"2025-06-10 01:23:27",5,241399.25,140,Churned
CUST1963,"2025-06-10 04:58:55",5,276479.70,140,Churned
CUST2020,"2025-06-10 03:20:10",3,455164.40,140,Churned
CUST2304,"2025-06-10 19:45:08",5,152788.00,140,Churned
CUST2804,"2025-06-10 21:51:44",6,320754.40,140,Churned
CUST1486,"2025-06-11 18:10:05",4,585007.40,139,Churned
CUST1593,"2025-06-11 22:59:19",3,183870.20,139,Churned
CUST2555,"2025-06-11 12:54:32",4,513665.35,139,Churned
CUST2954,"2025-06-11 04:08:34",8,232675.40,139,Churned
CUST1067,"2025-06-12 21:46:34",4,148622.25,138,Churned
CUST1410,"2025-06-12 18:55:17",5,184935.35,138,Churned
CUST1528,"2025-06-12 06:09:59",4,455706.50,138,Churned
CUST1939,"2025-06-12 18:21:57",4,76711.85,138,Churned
CUST1979,"2025-06-12 00:02:31",2,419.00,138,Churned
CUST2503,"2025-06-12 15:52:41",2,285795.10,138,Churned
CUST2689,"2025-06-12 05:58:51",3,241161.25,138,Churned
CUST2805,"2025-06-12 13:22:07",4,201483.45,138,Churned
CUST1111,"2025-06-13 09:50:03",5,403666.85,137,Churned
CUST2462,"2025-06-13 08:17:16",6,643698.10,137,Churned
CUST2963,"2025-06-13 23:04:29",6,285797.30,137,Churned
CUST1318,"2025-06-14 16:53:22",4,86081.50,136,Churned
CUST1359,"2025-06-14 23:19:23",3,334132.35,136,Churned
CUST1365,"2025-06-14 17:36:43",4,319630.25,136,Churned
CUST2139,"2025-06-14 15:30:41",3,131084.50,136,Churned
CUST1907,"2025-06-15 15:32:15",5,42890.20,135,Churned
CUST1908,"2025-06-15 16:48:47",2,34493.20,135,Churned
CUST1954,"2025-06-15 08:46:03",6,492481.55,135,Churned
CUST2350,"2025-06-15 00:32:40",3,170754.20,135,Churned
CUST2500,"2025-06-15 18:38:47",10,965596.95,135,Churned
CUST2720,"2025-06-15 15:58:40",4,249211.15,135,Churned
CUST2735,"2025-06-15 10:27:45",4,324229.65,135,Churned
CUST1243,"2025-06-16 02:47:33",6,583950.40,134,Churned
CUST1316,"2025-06-16 02:41:08",6,230876.90,134,Churned
CUST1473,"2025-06-16 10:47:46",3,543693.30,134,Churned
CUST1534,"2025-06-16 03:10:46",3,757032.20,134,Churned
CUST1568,"2025-06-16 11:10:06",5,319422.10,134,Churned
CUST1713,"2025-06-16 12:49:14",6,731362.55,134,Churned
CUST2305,"2025-06-16 06:55:17",9,877191.20,134,Churned
CUST2362,"2025-06-16 22:03:01",3,74909.15,134,Churned
CUST1205,"2025-06-17 15:16:42",4,236143.00,133,Churned
CUST1219,"2025-06-18 11:42:04",3,77041.45,132,Churned
CUST2027,"2025-06-18 20:18:19",2,5077.15,132,Churned
CUST2155,"2025-06-18 04:39:02",3,257284.10,132,Churned
CUST2308,"2025-06-18 02:57:25",6,520391.85,132,Churned
CUST2540,"2025-06-18 04:27:40",5,574375.65,132,Churned
CUST2669,"2025-06-18 18:09:42",3,230340.00,132,Churned
CUST2733,"2025-06-18 07:51:55",5,784806.75,132,Churned
CUST1041,"2025-06-19 15:40:15",4,315966.40,131,Churned
CUST2290,"2025-06-19 16:14:14",2,240900.15,131,Churned
CUST2453,"2025-06-19 00:23:01",5,135558.45,131,Churned
CUST2702,"2025-06-19 23:57:31",9,381372.25,131,Churned
CUST2721,"2025-06-19 14:02:58",7,350967.60,131,Churned
CUST1296,"2025-06-20 09:46:54",5,185884.65,130,Churned
CUST1444,"2025-06-20 02:11:22",4,131216.35,130,Churned
CUST1484,"2025-06-20 09:00:53",7,274216.10,130,Churned
CUST2288,"2025-06-20 04:54:19",3,622499.05,130,Churned
CUST2566,"2025-06-20 04:15:29",8,1019629.00,130,Churned
CUST2626,"2025-06-20 20:59:11",7,219016.90,130,Churned
CUST2734,"2025-06-20 12:31:39",6,356689.65,130,Churned
CUST2928,"2025-06-20 08:05:48",5,248268.45,130,Churned
CUST1467,"2025-06-21 01:14:02",8,364122.10,129,Churned
CUST1703,"2025-06-21 02:11:03",4,164688.80,129,Churned
CUST2380,"2025-06-21 04:29:02",4,538940.30,129,Churned
CUST2418,"2025-06-21 16:33:25",5,301868.70,129,Churned
CUST1070,"2025-06-22 10:09:16",6,164138.55,128,Churned
CUST1104,"2025-06-22 12:44:40",3,94641.00,128,Churned
CUST2298,"2025-06-22 21:43:40",6,695640.80,128,Churned
CUST2880,"2025-06-22 10:55:45",3,91529.30,128,Churned
CUST2988,"2025-06-22 14:04:09",1,160869.15,128,Churned
CUST1780,"2025-06-23 07:12:14",3,12212.10,127,Churned
CUST1918,"2025-06-23 05:47:30",3,375321.00,127,Churned
CUST2270,"2025-06-23 17:56:42",4,590736.90,127,Churned
CUST1252,"2025-06-24 01:12:44",8,751734.50,126,Churned
CUST1993,"2025-06-24 00:39:33",4,112906.15,126,Churned
CUST2109,"2025-06-24 06:56:32",3,210737.30,126,Churned
CUST2606,"2025-06-24 22:21:09",4,601141.55,126,Churned
CUST3000,"2025-06-24 10:17:46",8,872457.65,126,Churned
CUST1143,"2025-06-25 21:11:57",7,277870.85,125,Churned
CUST1154,"2025-06-25 11:51:11",3,91593.35,125,Churned
CUST2522,"2025-06-25 17:48:57",8,299462.25,125,Churned
CUST1146,"2025-06-26 13:02:36",4,719003.70,124,Churned
CUST1297,"2025-06-26 02:22:51",6,422439.35,124,Churned
CUST1567,"2025-06-26 05:58:30",4,437574.30,124,Churned
CUST1599,"2025-06-26 00:17:48",8,37348.75,124,Churned
CUST1758,"2025-06-26 01:01:30",5,447045.80,124,Churned
CUST2179,"2025-06-26 12:20:12",2,549241.35,124,Churned
CUST2282,"2025-06-26 00:40:38",7,397147.35,124,Churned
CUST2830,"2025-06-26 19:05:34",7,593033.50,124,Churned
CUST1127,"2025-06-27 21:22:58",3,38330.45,123,Churned
CUST1290,"2025-06-27 21:31:40",4,61609.80,123,Churned
CUST2537,"2025-06-27 08:46:27",6,693586.15,123,Churned
CUST2652,"2025-06-27 07:06:44",3,75422.55,123,Churned
CUST2727,"2025-06-27 06:32:54",2,205227.40,123,Churned
CUST2785,"2025-06-27 05:19:36",5,138855.05,123,Churned
CUST1253,"2025-06-28 13:14:57",2,200702.05,122,Churned
CUST1500,"2025-06-28 21:04:31",6,322189.85,122,Churned
CUST2284,"2025-06-28 00:22:23",6,932657.45,122,Churned
CUST2588,"2025-06-28 11:57:28",9,186060.65,122,Churned
CUST2681,"2025-06-28 07:28:33",3,129896.30,122,Churned
CUST2737,"2025-06-28 17:33:18",3,22231.30,122,Churned
CUST2801,"2025-06-28 03:18:54",3,9972.05,122,Churned
CUST1051,"2025-07-01 07:13:55",6,146947.95,119,Churned
CUST2025,"2025-07-01 21:41:39",5,327619.90,119,Churned
CUST2084,"2025-07-01 04:14:57",7,304067.30,119,Churned
CUST2221,"2025-07-01 18:12:38",5,513797.10,119,Churned
CUST2366,"2025-07-01 21:54:54",8,547329.05,119,Churned
CUST2833,"2025-07-01 09:07:33",3,30891.10,119,Churned
CUST1049,"2025-07-02 11:45:01",4,718331.20,118,Churned
CUST1293,"2025-07-02 08:03:37",4,349807.65,118,Churned
CUST2215,"2025-07-02 07:37:36",3,301400.95,118,Churned
CUST2258,"2025-07-02 20:01:57",3,132823.35,118,Churned
CUST2545,"2025-07-02 01:52:59",6,315581.60,118,Churned
CUST2912,"2025-07-02 13:28:39",5,307638.40,118,Churned
CUST2925,"2025-07-02 08:26:10",3,57838.00,118,Churned
CUST1030,"2025-07-03 16:58:12",3,297541.10,117,Churned
CUST1727,"2025-07-03 08:12:16",3,209127.50,117,Churned
CUST1809,"2025-07-03 21:17:40",5,260206.25,117,Churned
CUST1834,"2025-07-03 05:50:56",4,327245.10,117,Churned
CUST1986,"2025-07-03 06:22:18",5,829878.50,117,Churned
CUST1988,"2025-07-03 06:28:33",9,303617.85,117,Churned
CUST2477,"2025-07-03 02:59:46",6,356196.65,117,Churned
CUST2904,"2025-07-03 19:35:47",6,516598.15,117,Churned
CUST1336,"2025-07-04 16:06:18",3,588049.25,116,Churned
CUST1514,"2025-07-04 10:53:35",8,785125.50,116,Churned
CUST1821,"2025-07-04 19:06:32",5,305909.80,116,Churned
CUST1859,"2025-07-04 13:13:35",2,185898.00,116,Churned
CUST1895,"2025-07-04 03:05:47",8,796847.55,116,Churned
CUST2073,"2025-07-04 00:38:13",7,408230.20,116,Churned
CUST1024,"2025-07-05 19:28:35",8,403674.00,115,Churned
CUST1864,"2025-07-05 08:52:28",4,459540.10,115,Churned
CUST2080,"2025-07-05 02:00:48",8,292517.20,115,Churned
CUST2091,"2025-07-05 20:25:12",5,834694.25,115,Churned
CUST2142,"2025-07-05 06:32:55",2,5998.00,115,Churned
CUST2435,"2025-07-05 01:33:20",4,873087.20,115,Churned
CUST2776,"2025-07-05 08:12:33",3,273290.10,115,Churned
CUST2813,"2025-07-05 14:40:13",4,345631.10,115,Churned
CUST2874,"2025-07-05 08:17:37",6,208273.40,115,Churned
CUST1282,"2025-07-06 12:41:12",4,332780.70,114,Churned
CUST1295,"2025-07-06 13:27:06",5,686315.15,114,Churned
CUST1545,"2025-07-06 05:49:10",4,471841.65,114,Churned
CUST1818,"2025-07-06 04:00:39",3,89702.10,114,Churned
CUST1957,"2025-07-06 20:10:31",6,283782.60,114,Churned
CUST2299,"2025-07-06 17:26:32",2,96744.00,114,Churned
CUST2456,"2025-07-06 01:26:06",8,255000.50,114,Churned
CUST2547,"2025-07-06 07:38:37",6,325967.00,114,Churned
CUST1178,"2025-07-07 18:55:45",6,159015.40,113,Churned
CUST1211,"2025-07-07 00:20:58",5,165038.90,113,Churned
CUST1355,"2025-07-07 04:56:09",2,298761.25,113,Churned
CUST1906,"2025-07-07 17:42:56",3,35041.30,113,Churned
CUST1959,"2025-07-07 10:20:30",5,78363.05,113,Churned
CUST2515,"2025-07-07 03:34:20",2,297720.30,113,Churned
CUST2526,"2025-07-07 09:13:16",8,423158.00,113,Churned
CUST1156,"2025-07-08 02:31:23",2,155491.00,112,Churned
CUST1505,"2025-07-08 00:46:56",6,484476.50,112,Churned
CUST1999,"2025-07-08 12:59:37",6,702558.70,112,Churned
CUST2002,"2025-07-08 11:54:34",5,952860.05,112,Churned
CUST2294,"2025-07-08 20:28:54",8,370645.65,112,Churned
CUST2369,"2025-07-08 17:49:29",5,242722.55,112,Churned
CUST2373,"2025-07-08 04:09:31",9,514792.75,112,Churned
CUST2478,"2025-07-08 08:56:59",4,118808.60,112,Churned
CUST2601,"2025-07-09 03:40:36",5,365494.10,111,Churned
CUST2763,"2025-07-09 08:22:26",9,463106.85,111,Churned
CUST2778,"2025-07-09 22:48:22",6,1109813.85,111,Churned
CUST1131,"2025-07-10 02:41:56",3,284731.10,110,Churned
CUST1300,"2025-07-10 23:23:29",4,527453.40,110,Churned
CUST2245,"2025-07-10 20:21:17",4,119536.60,110,Churned
CUST2246,"2025-07-10 07:13:33",3,69491.20,110,Churned
CUST2633,"2025-07-10 16:48:34",1,12409.05,110,Churned
CUST2705,"2025-07-10 06:36:57",5,176535.50,110,Churned
CUST2753,"2025-07-10 13:32:55",4,188289.95,110,Churned
CUST2828,"2025-07-10 06:19:55",7,152424.25,110,Churned
CUST1676,"2025-07-11 01:53:28",11,546015.95,109,Churned
CUST1973,"2025-07-11 22:29:50",4,272539.25,109,Churned
CUST2266,"2025-07-11 22:26:13",5,249281.75,109,Churned
CUST2802,"2025-07-11 18:12:11",6,852677.10,109,Churned
CUST1286,"2025-07-12 10:41:27",3,224786.15,108,Churned
CUST1362,"2025-07-12 09:33:41",3,204139.20,108,Churned
CUST1385,"2025-07-12 18:21:47",3,82927.30,108,Churned
CUST1451,"2025-07-12 10:00:26",5,204083.60,108,Churned
CUST1559,"2025-07-12 07:04:09",4,218853.20,108,Churned
CUST1770,"2025-07-12 18:51:30",4,182464.10,108,Churned
CUST2105,"2025-07-12 06:40:06",6,461657.50,108,Churned
CUST2361,"2025-07-12 00:56:35",2,104998.00,108,Churned
CUST1232,"2025-07-13 23:57:44",1,399.00,107,Churned
CUST1333,"2025-07-13 04:44:12",4,158811.10,107,Churned
CUST1656,"2025-07-13 18:42:02",5,308904.35,107,Churned
CUST2849,"2025-07-13 09:01:11",6,250538.95,107,Churned
CUST2903,"2025-07-13 21:53:25",6,539174.20,107,Churned
CUST1231,"2025-07-14 19:32:39",4,129976.45,106,Churned
CUST1472,"2025-07-14 00:05:57",3,155330.45,106,Churned
CUST1582,"2025-07-14 15:59:15",3,105906.25,106,Churned
CUST1745,"2025-07-14 09:14:38",4,113586.00,106,Churned
CUST1841,"2025-07-14 04:15:18",7,495700.05,106,Churned
CUST2061,"2025-07-14 17:30:49",7,564604.30,106,Churned
CUST2496,"2025-07-14 14:27:31",5,543484.70,106,Churned
CUST2635,"2025-07-14 22:52:28",9,502678.40,106,Churned
CUST2857,"2025-07-14 05:33:48",6,220586.05,106,Churned
CUST2909,"2025-07-14 20:44:09",8,821020.05,106,Churned
CUST2926,"2025-07-14 20:02:15",5,297523.55,106,Churned
CUST1755,"2025-07-15 11:33:43",6,838630.25,105,Churned
CUST1775,"2025-07-15 17:05:11",4,420038.50,105,Churned
CUST2113,"2025-07-15 14:05:28",6,432571.45,105,Churned
CUST2852,"2025-07-15 12:22:37",5,216517.30,105,Churned
CUST1191,"2025-07-16 12:37:58",5,199934.90,104,Churned
CUST2391,"2025-07-16 19:59:55",7,333359.65,104,Churned
CUST2493,"2025-07-16 10:36:16",8,631353.00,104,Churned
CUST2564,"2025-07-16 07:05:19",3,92793.05,104,Churned
CUST1055,"2025-07-17 03:12:00",5,189292.60,103,Churned
CUST1487,"2025-07-17 04:59:45",7,510245.50,103,Churned
CUST1701,"2025-07-17 17:07:31",2,204093.00,103,Churned
CUST1795,"2025-07-17 14:00:01",5,469432.85,103,Churned
CUST1943,"2025-07-17 16:12:15",5,176329.45,103,Churned
CUST1949,"2025-07-17 03:27:49",5,272882.00,103,Churned
CUST1968,"2025-07-17 20:19:52",5,63337.90,103,Churned
CUST2347,"2025-07-17 23:27:53",7,349297.25,103,Churned
CUST2773,"2025-07-17 09:57:44",7,547880.55,103,Churned
CUST2846,"2025-07-17 18:54:27",9,944539.20,103,Churned
CUST1066,"2025-07-18 20:42:57",3,401531.40,102,Churned
CUST1114,"2025-07-18 10:19:06",3,143092.10,102,Churned
CUST1495,"2025-07-18 23:37:40",4,29149.45,102,Churned
CUST1852,"2025-07-18 02:15:26",6,334071.40,102,Churned
CUST2240,"2025-07-18 23:48:50",4,747837.00,102,Churned
CUST2268,"2025-07-18 04:15:59",4,337994.20,102,Churned
CUST2280,"2025-07-18 20:06:55",6,1770278.25,102,Churned
CUST2341,"2025-07-18 15:51:51",5,139939.05,102,Churned
CUST2860,"2025-07-18 04:22:02",4,70956.80,102,Churned
CUST2976,"2025-07-18 09:26:45",5,487274.35,102,Churned
CUST1175,"2025-07-19 00:22:49",4,150040.25,101,Churned
CUST1375,"2025-07-19 22:44:13",3,192338.65,101,Churned
CUST1984,"2025-07-19 20:45:20",4,132755.25,101,Churned
CUST2355,"2025-07-19 23:37:06",8,239313.20,101,Churned
CUST2684,"2025-07-19 05:11:34",7,755001.80,101,Churned
CUST2839,"2025-07-19 19:54:36",6,344440.75,101,Churned
CUST1298,"2025-07-20 08:29:44",6,1097443.15,100,Churned
CUST1517,"2025-07-20 02:14:45",2,419003.35,100,Churned
CUST1822,"2025-07-20 21:56:30",7,384298.60,100,Churned
CUST2395,"2025-07-20 21:40:19",2,137350.10,100,Churned
CUST2578,"2025-07-20 09:46:41",5,184283.20,100,Churned
CUST2695,"2025-07-20 10:31:28",4,246400.10,100,Churned
CUST1315,"2025-07-21 17:08:10",5,24963.40,99,Churned
CUST1331,"2025-07-21 02:08:28",8,668494.25,99,Churned
CUST1448,"2025-07-21 04:36:47",6,422015.95,99,Churned
CUST1471,"2025-07-21 18:22:10",9,1032639.45,99,Churned
CUST1647,"2025-07-21 08:47:12",4,807005.25,99,Churned
CUST2095,"2025-07-21 13:43:43",4,150386.60,99,Churned
CUST2147,"2025-07-21 06:48:14",7,443172.30,99,Churned
CUST2287,"2025-07-21 08:50:05",7,1475112.55,99,Churned
CUST2349,"2025-07-21 05:18:01",4,181790.30,99,Churned
CUST2454,"2025-07-21 23:20:33",2,2336.10,99,Churned
CUST2832,"2025-07-21 13:00:58",3,234937.15,99,Churned
CUST1403,"2025-07-22 22:18:19",4,329132.95,98,Churned
CUST2089,"2025-07-22 11:43:19",4,46450.15,98,Churned
CUST2102,"2025-07-22 23:00:38",4,274645.80,98,Churned
CUST2343,"2025-07-22 23:43:54",3,171540.05,98,Churned
CUST2845,"2025-07-22 21:12:20",8,959635.45,98,Churned
CUST1188,"2025-07-23 18:21:06",4,100812.20,97,Churned
CUST1459,"2025-07-23 10:36:43",5,121504.70,97,Churned
CUST1476,"2025-07-23 22:28:46",8,309966.35,97,Churned
CUST1573,"2025-07-23 02:36:35",2,54043.05,97,Churned
CUST1915,"2025-07-23 21:45:33",4,55920.05,97,Churned
CUST2527,"2025-07-23 23:54:16",3,41417.50,97,Churned
CUST2938,"2025-07-23 16:43:16",5,92980.80,97,Churned
CUST1038,"2025-07-24 16:55:22",3,598190.30,96,Churned
CUST1196,"2025-07-24 17:33:53",4,405182.25,96,Churned
CUST1353,"2025-07-24 20:52:57",3,115056.90,96,Churned
CUST1525,"2025-07-24 19:27:08",1,71999.10,96,Churned
CUST1734,"2025-07-24 07:47:02",7,706441.60,96,Churned
CUST2416,"2025-07-24 02:20:51",6,466405.80,96,Churned
CUST2824,"2025-07-24 04:29:19",4,46083.10,96,Churned
CUST2994,"2025-07-24 06:21:30",9,742385.40,96,Churned
CUST1400,"2025-07-25 15:48:40",6,775175.95,95,Churned
CUST1580,"2025-07-25 07:52:40",5,303403.35,95,Churned
CUST2004,"2025-07-25 00:28:35",9,434206.70,95,Churned
CUST2174,"2025-07-25 03:35:28",4,105417.10,95,Churned
CUST2381,"2025-07-25 21:40:42",3,25862.90,95,Churned
CUST1457,"2025-07-26 21:57:55",8,194176.75,94,Churned
CUST1765,"2025-07-26 15:13:31",9,454722.80,94,Churned
CUST2364,"2025-07-26 10:41:08",6,249519.20,94,Churned
CUST2449,"2025-07-26 23:42:13",8,799102.15,94,Churned
CUST2470,"2025-07-26 20:04:49",4,84071.50,94,Churned
CUST2869,"2025-07-26 17:01:32",2,789817.05,94,Churned
CUST2941,"2025-07-26 08:58:56",8,53937.80,94,Churned
CUST1023,"2025-07-27 05:08:21",3,194774.60,93,Churned
CUST1182,"2025-07-27 09:22:18",6,79486.85,93,Churned
CUST1507,"2025-07-27 02:18:51",2,50944.00,93,Churned
CUST1892,"2025-07-27 01:58:53",4,316598.15,93,Churned
CUST2050,"2025-07-27 21:41:25",3,602091.10,93,Churned
CUST2490,"2025-07-27 14:11:23",8,262102.50,93,Churned
CUST2774,"2025-07-27 13:33:05",7,878861.60,93,Churned
CUST1394,"2025-07-28 21:21:09",7,168377.70,92,Churned
CUST1611,"2025-07-28 03:42:32",3,390643.35,92,Churned
CUST2026,"2025-07-28 08:26:17",4,425011.75,92,Churned
CUST2029,"2025-07-28 10:09:43",9,1023732.55,92,Churned
CUST2199,"2025-07-28 18:57:08",6,676909.05,92,Churned
CUST2444,"2025-07-28 05:17:45",3,323738.00,92,Churned
CUST2790,"2025-07-28 05:55:00",5,237488.20,92,Churned
CUST1073,"2025-08-01 23:14:10",5,90418.90,88,"At Risk"
CUST1314,"2025-08-01 22:31:24",8,1528511.60,88,"At Risk"
CUST1317,"2025-08-01 09:45:41",7,1009270.85,88,"At Risk"
CUST1762,"2025-08-01 09:08:43",7,418927.40,88,"At Risk"
CUST1910,"2025-08-01 06:06:44",11,1044716.35,88,"At Risk"
CUST2124,"2025-08-01 21:15:45",7,228933.75,88,"At Risk"
CUST1045,"2025-08-02 20:24:07",4,367920.30,87,"At Risk"
CUST1285,"2025-08-02 22:34:44",4,333789.15,87,"At Risk"
CUST1550,"2025-08-02 13:11:20",5,882343.90,87,"At Risk"
CUST1715,"2025-08-02 13:25:52",6,913139.60,87,"At Risk"
CUST1837,"2025-08-02 13:22:03",5,406559.00,87,"At Risk"
CUST1992,"2025-08-02 23:21:50",6,338410.45,87,"At Risk"
CUST2185,"2025-08-02 12:26:52",8,534407.40,87,"At Risk"
CUST2576,"2025-08-02 16:04:11",6,362885.50,87,"At Risk"
CUST2676,"2025-08-02 17:52:44",6,100436.10,87,"At Risk"
CUST1081,"2025-08-03 07:13:21",4,117200.25,86,"At Risk"
CUST1306,"2025-08-03 16:04:01",1,3423.05,86,"At Risk"
CUST1589,"2025-08-03 04:23:05",3,366385.30,86,"At Risk"
CUST1696,"2025-08-03 12:38:34",5,418457.60,86,"At Risk"
CUST1736,"2025-08-03 18:42:24",1,15652.80,86,"At Risk"
CUST1803,"2025-08-03 19:39:35",3,100335.85,86,"At Risk"
CUST2079,"2025-08-03 07:01:08",6,341328.20,86,"At Risk"
CUST2164,"2025-08-03 16:41:02",3,307372.15,86,"At Risk"
CUST2550,"2025-08-03 02:57:05",7,253252.75,86,"At Risk"
CUST2757,"2025-08-03 10:28:57",6,482695.65,86,"At Risk"
CUST1142,"2025-08-04 16:17:41",6,575916.10,85,"At Risk"
CUST1773,"2025-08-04 14:36:37",5,216440.25,85,"At Risk"
CUST2003,"2025-08-04 23:05:12",7,591129.30,85,"At Risk"
CUST2307,"2025-08-04 03:26:22",9,292126.80,85,"At Risk"
CUST2332,"2025-08-04 21:02:52",7,468134.65,85,"At Risk"
CUST2377,"2025-08-04 13:47:28",6,559127.50,85,"At Risk"
CUST2497,"2025-08-04 16:44:20",4,72309.00,85,"At Risk"
CUST2586,"2025-08-04 00:24:20",6,456075.85,85,"At Risk"
CUST2717,"2025-08-04 07:57:35",4,425598.75,85,"At Risk"
CUST2725,"2025-08-04 21:38:30",6,327193.85,85,"At Risk"
CUST2799,"2025-08-04 07:30:09",3,73842.00,85,"At Risk"
CUST1057,"2025-08-05 00:53:03",4,391368.65,84,"At Risk"
CUST1091,"2025-08-05 11:44:56",6,340111.40,84,"At Risk"
CUST1161,"2025-08-05 11:48:36",6,185044.30,84,"At Risk"
CUST1491,"2025-08-05 01:55:10",3,59363.35,84,"At Risk"
CUST1605,"2025-08-05 20:41:33",4,214157.10,84,"At Risk"
CUST1877,"2025-08-05 14:02:38",7,307500.90,84,"At Risk"
CUST1904,"2025-08-05 06:13:01",7,528572.50,84,"At Risk"
CUST2346,"2025-08-05 10:26:00",3,44501.15,84,"At Risk"
CUST2552,"2025-08-05 20:41:28",4,307978.60,84,"At Risk"
CUST1092,"2025-08-06 21:24:32",8,322376.70,83,"At Risk"
CUST1440,"2025-08-06 08:38:37",3,197908.05,83,"At Risk"
CUST1532,"2025-08-06 23:43:43",6,143590.35,83,"At Risk"
CUST1632,"2025-08-06 10:54:19",6,308560.50,83,"At Risk"
CUST1679,"2025-08-06 12:10:48",4,160989.25,83,"At Risk"
CUST1860,"2025-08-06 19:59:53",4,36971.60,83,"At Risk"
CUST1930,"2025-08-06 01:04:46",3,15368.70,83,"At Risk"
CUST2104,"2025-08-06 20:22:29",4,998634.15,83,"At Risk"
CUST2106,"2025-08-06 13:46:13",4,235526.50,83,"At Risk"
CUST2568,"2025-08-06 09:10:35",5,293712.25,83,"At Risk"
CUST2940,"2025-08-06 02:37:25",7,491750.50,83,"At Risk"
CUST1454,"2025-08-07 23:52:27",5,785216.90,82,"At Risk"
CUST1718,"2025-08-07 11:45:01",2,232197.20,82,"At Risk"
CUST1916,"2025-08-07 08:58:36",3,123141.40,82,"At Risk"
CUST1935,"2025-08-07 03:35:23",7,728471.65,82,"At Risk"
CUST1951,"2025-08-07 03:24:09",9,740091.45,82,"At Risk"
CUST2090,"2025-08-07 00:13:21",4,449188.40,82,"At Risk"
CUST2224,"2025-08-07 06:58:09",4,94419.50,82,"At Risk"
CUST2385,"2025-08-07 04:51:21",3,117860.45,82,"At Risk"
CUST2563,"2025-08-07 15:35:20",3,246989.35,82,"At Risk"
CUST2847,"2025-08-07 13:59:43",8,412603.20,82,"At Risk"
CUST2999,"2025-08-07 00:55:29",7,494735.40,82,"At Risk"
CUST1054,"2025-08-08 19:40:12",10,623150.60,81,"At Risk"
CUST1581,"2025-08-08 17:29:39",5,284587.05,81,"At Risk"
CUST1625,"2025-08-08 00:38:02",8,388274.40,81,"At Risk"
CUST2479,"2025-08-08 03:55:30",5,332292.55,81,"At Risk"
CUST2582,"2025-08-08 21:37:43",1,499.00,81,"At Risk"
CUST2648,"2025-08-08 01:25:45",3,465942.80,81,"At Risk"
CUST2675,"2025-08-08 05:06:03",3,469802.10,81,"At Risk"
CUST2818,"2025-08-08 05:08:21",7,219846.20,81,"At Risk"
CUST2868,"2025-08-08 01:36:53",6,171361.05,81,"At Risk"
CUST2881,"2025-08-08 20:31:24",3,137854.25,81,"At Risk"
CUST1012,"2025-08-09 08:17:44",6,791834.25,80,"At Risk"
CUST1056,"2025-08-09 10:59:43",6,439340.10,80,"At Risk"
CUST1202,"2025-08-09 17:08:20",6,661132.00,80,"At Risk"
CUST1268,"2025-08-09 13:21:46",5,259852.65,80,"At Risk"
CUST1426,"2025-08-09 11:44:50",1,75661.05,80,"At Risk"
CUST1922,"2025-08-09 00:37:41",4,283243.70,80,"At Risk"
CUST1976,"2025-08-09 21:20:59",8,1334100.65,80,"At Risk"
CUST2145,"2025-08-09 07:11:35",5,156462.25,80,"At Risk"
CUST2218,"2025-08-09 18:40:48",6,481293.20,80,"At Risk"
CUST2368,"2025-08-09 19:16:34",5,99305.20,80,"At Risk"
CUST2646,"2025-08-09 23:12:34",5,164545.80,80,"At Risk"
CUST2837,"2025-08-09 21:11:57",3,72768.25,80,"At Risk"
CUST1628,"2025-08-10 05:08:41",3,274935.05,79,"At Risk"
CUST1771,"2025-08-10 21:56:23",5,375429.10,79,"At Risk"
CUST2239,"2025-08-10 12:13:32",8,404223.00,79,"At Risk"
CUST2263,"2025-08-10 07:23:41",3,67808.10,79,"At Risk"
CUST2394,"2025-08-10 01:13:36",3,623117.00,79,"At Risk"
CUST1214,"2025-08-11 01:14:41",3,23206.30,78,"At Risk"
CUST1351,"2025-08-11 04:05:05",10,354123.75,78,"At Risk"
CUST1553,"2025-08-11 17:32:31",7,260968.10,78,"At Risk"
CUST1645,"2025-08-11 06:51:06",3,132026.70,78,"At Risk"
CUST1945,"2025-08-11 00:43:32",7,653760.60,78,"At Risk"
CUST2023,"2025-08-11 12:51:43",6,431884.25,78,"At Risk"
CUST2121,"2025-08-11 18:13:17",5,132722.45,78,"At Risk"
CUST2209,"2025-08-11 14:15:02",4,635435.30,78,"At Risk"
CUST2891,"2025-08-11 12:45:51",6,167584.45,78,"At Risk"
CUST1053,"2025-08-12 04:55:12",8,553118.10,77,"At Risk"
CUST1212,"2025-08-12 03:09:20",8,1076100.35,77,"At Risk"
CUST1783,"2025-08-12 00:25:57",5,356227.85,77,"At Risk"
CUST2694,"2025-08-12 21:19:36",8,578902.00,77,"At Risk"
CUST2872,"2025-08-12 08:29:49",5,58670.55,77,"At Risk"
CUST2989,"2025-08-12 01:40:39",4,572953.65,77,"At Risk"
CUST1177,"2025-08-13 09:17:18",5,156876.55,76,"At Risk"
CUST1287,"2025-08-13 17:43:26",5,189147.80,76,"At Risk"
CUST1405,"2025-08-13 05:14:57",3,210591.20,76,"At Risk"
CUST1523,"2025-08-13 18:26:58",5,214211.25,76,"At Risk"
CUST1695,"2025-08-13 13:08:26",4,224634.85,76,"At Risk"
CUST1748,"2025-08-13 02:42:26",7,214186.85,76,"At Risk"
CUST1893,"2025-08-13 22:52:01",5,62384.30,76,"At Risk"
CUST2190,"2025-08-13 00:53:15",5,161035.25,76,"At Risk"
CUST2247,"2025-08-13 12:19:51",5,339571.15,76,"At Risk"
CUST2286,"2025-08-13 17:46:26",10,541015.75,76,"At Risk"
CUST2463,"2025-08-13 00:49:05",6,133596.05,76,"At Risk"
CUST1009,"2025-08-14 18:26:39",7,224525.55,75,"At Risk"
CUST1062,"2025-08-14 07:07:10",3,56629.05,75,"At Risk"
CUST1076,"2025-08-14 18:46:40",7,423484.65,75,"At Risk"
CUST1116,"2025-08-14 22:20:47",5,87376.05,75,"At Risk"
CUST1360,"2025-08-14 04:21:15",3,216079.80,75,"At Risk"
CUST1466,"2025-08-14 22:41:28",4,617461.45,75,"At Risk"
CUST1475,"2025-08-14 10:03:37",3,358042.30,75,"At Risk"
CUST1552,"2025-08-14 20:43:45",3,364689.00,75,"At Risk"
CUST2129,"2025-08-14 05:08:15",5,490117.85,75,"At Risk"
CUST2134,"2025-08-14 17:19:59",5,216577.35,75,"At Risk"
CUST2188,"2025-08-14 14:49:35",7,365379.70,75,"At Risk"
CUST2198,"2025-08-14 17:45:33",3,351990.15,75,"At Risk"
CUST2216,"2025-08-14 10:41:25",3,232845.35,75,"At Risk"
CUST2228,"2025-08-14 11:10:31",1,286504.00,75,"At Risk"
CUST2291,"2025-08-14 03:28:54",4,234002.55,75,"At Risk"
CUST2476,"2025-08-14 22:26:47",4,263914.05,75,"At Risk"
CUST2597,"2025-08-14 14:37:02",6,207112.20,75,"At Risk"
CUST2897,"2025-08-14 01:20:31",6,343863.45,75,"At Risk"
CUST1181,"2025-08-15 00:06:00",9,378038.00,74,"At Risk"
CUST1185,"2025-08-15 06:48:16",7,636954.40,74,"At Risk"
CUST1204,"2025-08-15 20:37:02",4,167536.10,74,"At Risk"
CUST1230,"2025-08-15 18:50:15",4,654746.30,74,"At Risk"
CUST1496,"2025-08-15 07:26:25",2,457528.55,74,"At Risk"
CUST1981,"2025-08-15 03:00:25",8,370352.95,74,"At Risk"
CUST1982,"2025-08-15 15:10:09",5,486191.45,74,"At Risk"
CUST2021,"2025-08-15 11:08:59",5,353877.30,74,"At Risk"
CUST2032,"2025-08-15 21:53:00",2,36046.15,74,"At Risk"
CUST2235,"2025-08-15 22:11:09",4,15111.10,74,"At Risk"
CUST2344,"2025-08-15 05:07:22",5,425072.10,74,"At Risk"
CUST2624,"2025-08-15 19:42:35",7,315934.60,74,"At Risk"
CUST2651,"2025-08-15 10:34:05",6,163801.90,74,"At Risk"
CUST2693,"2025-08-15 07:49:58",6,556204.75,74,"At Risk"
CUST2760,"2025-08-15 15:08:03",8,512744.55,74,"At Risk"
CUST1140,"2025-08-16 20:28:44",4,287835.40,73,"At Risk"
CUST1347,"2025-08-16 11:12:10",5,289717.20,73,"At Risk"
CUST1381,"2025-08-16 19:04:32",5,356158.80,73,"At Risk"
CUST1691,"2025-08-16 09:31:41",6,146179.25,73,"At Risk"
CUST1901,"2025-08-16 03:39:24",5,622547.30,73,"At Risk"
CUST2354,"2025-08-16 19:18:02",3,249126.20,73,"At Risk"
CUST2679,"2025-08-16 02:17:00",3,117046.05,73,"At Risk"
CUST2709,"2025-08-16 02:37:29",7,316803.60,73,"At Risk"
CUST2991,"2025-08-16 16:36:21",5,348881.25,73,"At Risk"
CUST1031,"2025-08-17 13:25:17",5,911047.60,72,"At Risk"
CUST1151,"2025-08-17 18:58:33",4,131025.10,72,"At Risk"
CUST1172,"2025-08-17 05:12:01",5,268222.35,72,"At Risk"
CUST1190,"2025-08-17 22:44:06",7,1068412.40,72,"At Risk"
CUST1337,"2025-08-17 13:10:28",2,2295.20,72,"At Risk"
CUST1897,"2025-08-17 15:59:57",7,840848.80,72,"At Risk"
CUST2208,"2025-08-17 12:45:10",3,373995.00,72,"At Risk"
CUST2243,"2025-08-17 12:31:02",7,101627.85,72,"At Risk"
CUST2487,"2025-08-17 06:37:08",3,400152.20,72,"At Risk"
CUST2530,"2025-08-17 13:34:16",3,147603.30,72,"At Risk"
CUST2686,"2025-08-17 04:23:54",10,906661.45,72,"At Risk"
CUST2750,"2025-08-17 21:12:25",5,226385.15,72,"At Risk"
CUST2892,"2025-08-17 10:22:24",10,1035938.80,72,"At Risk"
CUST1003,"2025-08-18 18:00:23",3,66395.30,71,"At Risk"
CUST1192,"2025-08-18 11:09:36",7,547744.00,71,"At Risk"
CUST1220,"2025-08-18 16:57:45",8,433764.55,71,"At Risk"
CUST1264,"2025-08-18 05:57:26",9,1457362.55,71,"At Risk"
CUST1346,"2025-08-18 04:11:15",6,407472.45,71,"At Risk"
CUST1464,"2025-08-18 14:52:01",5,461651.80,71,"At Risk"
CUST1865,"2025-08-18 18:21:21",5,94454.70,71,"At Risk"
CUST2048,"2025-08-18 16:26:06",3,270991.55,71,"At Risk"
CUST2200,"2025-08-18 20:07:35",8,887142.90,71,"At Risk"
CUST2673,"2025-08-18 19:58:07",6,826074.95,71,"At Risk"
CUST2782,"2025-08-18 14:38:40",5,184543.45,71,"At Risk"
CUST2817,"2025-08-18 09:41:29",8,1215716.55,71,"At Risk"
CUST1052,"2025-08-19 15:19:23",9,904568.50,70,"At Risk"
CUST1312,"2025-08-19 11:19:07",4,55240.20,70,"At Risk"
CUST1561,"2025-08-19 21:45:26",6,873314.65,70,"At Risk"
CUST2238,"2025-08-19 21:28:42",4,115466.30,70,"At Risk"
CUST2387,"2025-08-19 18:13:35",5,189749.40,70,"At Risk"
CUST2956,"2025-08-19 08:07:21",1,20269.05,70,"At Risk"
CUST1105,"2025-08-20 08:33:57",5,900670.30,69,"At Risk"
CUST1160,"2025-08-20 11:11:44",2,40926.60,69,"At Risk"
CUST1168,"2025-08-20 04:28:50",6,365516.35,69,"At Risk"
CUST1519,"2025-08-20 10:38:32",3,119370.15,69,"At Risk"
CUST1642,"2025-08-20 13:50:00",3,201980.05,69,"At Risk"
CUST1737,"2025-08-20 03:13:56",5,181626.75,69,"At Risk"
CUST1796,"2025-08-20 00:55:09",3,4911.20,69,"At Risk"
CUST1871,"2025-08-20 18:49:59",6,1179963.75,69,"At Risk"
CUST1994,"2025-08-20 23:10:00",5,460065.80,69,"At Risk"
CUST2138,"2025-08-20 19:58:17",9,309471.30,69,"At Risk"
CUST2187,"2025-08-20 02:33:50",3,458740.15,69,"At Risk"
CUST2211,"2025-08-20 02:24:30",4,134156.05,69,"At Risk"
CUST2573,"2025-08-20 00:13:42",4,202500.50,69,"At Risk"
CUST2990,"2025-08-20 04:38:52",6,449325.15,69,"At Risk"
CUST1064,"2025-08-21 18:33:41",7,445272.35,68,"At Risk"
CUST1135,"2025-08-21 10:26:51",5,447983.20,68,"At Risk"
CUST1309,"2025-08-21 06:13:08",4,147497.55,68,"At Risk"
CUST1596,"2025-08-21 09:06:13",3,188443.45,68,"At Risk"
CUST1705,"2025-08-21 18:29:59",7,255234.60,68,"At Risk"
CUST1774,"2025-08-21 22:25:22",8,596132.80,68,"At Risk"
CUST1870,"2025-08-21 18:42:46",4,69344.80,68,"At Risk"
CUST2119,"2025-08-21 07:24:23",1,799.00,68,"At Risk"
CUST2542,"2025-08-21 05:43:07",6,332088.15,68,"At Risk"
CUST2590,"2025-08-21 15:14:35",2,11744.00,68,"At Risk"
CUST2759,"2025-08-21 15:02:33",4,191519.15,68,"At Risk"
CUST2968,"2025-08-21 02:49:48",6,260388.90,68,"At Risk"
CUST1276,"2025-08-22 01:03:40",6,333055.75,67,"At Risk"
CUST1422,"2025-08-22 16:07:49",8,89042.80,67,"At Risk"
CUST1483,"2025-08-22 20:55:51",5,516323.10,67,"At Risk"
CUST1535,"2025-08-22 20:22:32",6,230027.45,67,"At Risk"
CUST1717,"2025-08-22 13:57:56",3,105409.60,67,"At Risk"
CUST1790,"2025-08-22 00:48:57",8,765943.35,67,"At Risk"
CUST1793,"2025-08-22 01:26:33",10,389807.45,67,"At Risk"
CUST2165,"2025-08-22 23:17:55",6,534016.40,67,"At Risk"
CUST2431,"2025-08-22 18:17:49",7,713529.95,67,"At Risk"
CUST2641,"2025-08-22 13:15:23",6,160925.50,67,"At Risk"
CUST2739,"2025-08-22 10:58:12",6,105354.10,67,"At Risk"
CUST2764,"2025-08-22 07:59:10",7,254710.35,67,"At Risk"
CUST1113,"2025-08-23 03:37:24",8,290836.55,66,"At Risk"
CUST1434,"2025-08-23 09:05:03",4,85705.00,66,"At Risk"
CUST1499,"2025-08-23 03:45:58",5,306395.05,66,"At Risk"
CUST1571,"2025-08-23 17:36:37",1,50884.30,66,"At Risk"
CUST1912,"2025-08-23 04:48:27",3,341847.15,66,"At Risk"
CUST2093,"2025-08-23 07:29:20",6,292755.15,66,"At Risk"
CUST2101,"2025-08-23 05:27:54",4,268985.85,66,"At Risk"
CUST2313,"2025-08-23 14:20:36",7,193534.40,66,"At Risk"
CUST2358,"2025-08-23 18:04:15",6,493873.35,66,"At Risk"
CUST2649,"2025-08-23 09:56:21",6,171070.50,66,"At Risk"
CUST2658,"2025-08-23 11:03:15",2,21994.15,66,"At Risk"
CUST2729,"2025-08-23 13:13:50",3,495555.40,66,"At Risk"
CUST1103,"2025-08-24 17:59:51",5,1244733.35,65,"At Risk"
CUST1109,"2025-08-24 11:54:06",7,368398.25,65,"At Risk"
CUST1209,"2025-08-24 04:16:38",9,598386.95,65,"At Risk"
CUST1814,"2025-08-24 03:08:51",3,90379.20,65,"At Risk"
CUST2047,"2025-08-24 06:13:41",10,469061.40,65,"At Risk"
CUST2150,"2025-08-24 19:54:48",4,207780.20,65,"At Risk"
CUST2314,"2025-08-24 21:18:34",3,29024.00,65,"At Risk"
CUST2451,"2025-08-24 03:27:02",5,151710.90,65,"At Risk"
CUST2752,"2025-08-24 18:27:52",6,157344.70,65,"At Risk"
CUST2756,"2025-08-24 10:55:08",4,131569.40,65,"At Risk"
CUST2864,"2025-08-24 00:18:29",5,445696.50,65,"At Risk"
CUST1329,"2025-08-25 04:13:58",2,130843.10,64,"At Risk"
CUST1424,"2025-08-25 00:42:16",3,229067.40,64,"At Risk"
CUST1490,"2025-08-25 22:15:46",4,209685.40,64,"At Risk"
CUST1666,"2025-08-25 23:20:07",2,123546.20,64,"At Risk"
CUST1794,"2025-08-25 01:02:24",4,200731.15,64,"At Risk"
CUST2158,"2025-08-25 08:07:04",3,97696.10,64,"At Risk"
CUST2811,"2025-08-25 02:20:14",6,335849.90,64,"At Risk"
CUST1102,"2025-08-26 22:04:45",5,317666.00,63,"At Risk"
CUST1164,"2025-08-26 21:40:34",3,187641.25,63,"At Risk"
CUST1569,"2025-08-26 07:57:37",5,586354.90,63,"At Risk"
CUST1764,"2025-08-26 01:27:59",5,256435.10,63,"At Risk"
CUST1840,"2025-08-26 14:20:14",4,172236.20,63,"At Risk"
CUST1879,"2025-08-26 16:01:21",3,522202.25,63,"At Risk"
CUST1936,"2025-08-26 05:51:46",7,374086.30,63,"At Risk"
CUST2365,"2025-08-26 23:02:20",8,503406.10,63,"At Risk"
CUST2602,"2025-08-26 08:00:06",3,117983.75,63,"At Risk"
CUST2628,"2025-08-26 23:12:18",8,202944.70,63,"At Risk"
CUST2886,"2025-08-26 07:08:21",2,294732.25,63,"At Risk"
CUST2900,"2025-08-26 10:54:46",8,256171.30,63,"At Risk"
CUST1281,"2025-08-27 23:29:37",5,296034.30,62,"At Risk"
CUST1366,"2025-08-27 08:11:39",3,51211.30,62,"At Risk"
CUST1513,"2025-08-27 02:39:36",8,321248.85,62,"At Risk"
CUST1540,"2025-08-27 18:41:02",4,49074.40,62,"At Risk"
CUST1785,"2025-08-27 19:20:36",8,498665.15,62,"At Risk"
CUST1805,"2025-08-27 05:38:15",7,319025.20,62,"At Risk"
CUST2136,"2025-08-27 14:00:10",4,225713.85,62,"At Risk"
CUST2384,"2025-08-27 22:52:52",7,312376.50,62,"At Risk"
CUST2457,"2025-08-27 08:52:12",4,230489.20,62,"At Risk"
CUST2523,"2025-08-27 08:13:14",3,211399.70,62,"At Risk"
CUST2973,"2025-08-27 21:27:51",4,244328.70,62,"At Risk"
CUST1080,"2025-08-28 15:46:05",5,542659.05,61,"At Risk"
CUST1163,"2025-08-28 01:21:31",10,551452.40,61,"At Risk"
CUST1324,"2025-08-28 18:22:42",3,299425.60,61,"At Risk"
CUST1368,"2025-08-28 09:29:11",5,157069.25,61,"At Risk"
CUST1412,"2025-08-28 22:06:19",2,65296.00,61,"At Risk"
CUST1515,"2025-08-28 17:25:30",3,151748.30,61,"At Risk"
CUST1668,"2025-08-28 07:07:11",4,467164.50,61,"At Risk"
CUST1845,"2025-08-28 19:48:02",3,297178.55,61,"At Risk"
CUST2303,"2025-08-28 03:50:26",5,512279.90,61,"At Risk"
CUST2417,"2025-08-28 02:40:55",5,107005.30,61,"At Risk"
CUST2505,"2025-08-28 11:01:25",7,1010532.25,61,"At Risk"
CUST2617,"2025-08-28 16:45:20",7,607113.70,61,"At Risk"
CUST2643,"2025-08-28 11:59:07",7,418503.25,61,"At Risk"
